pa.uz,217.29.116.176,True
paa.uz,62.209.128.102,True
p2.uz,91.188.128.21,True
pack.uz,37.187.146.46,False
pad.uz,91.212.89.68,True
pages.uz,31.22.4.69,False
pagoda.uz,192.64.147.181,False
page.uz,92.53.114.87,False
pages.uz,31.22.4.69,False
pages.uz,31.22.4.69,False
pair.uz,66.240.194.139,False
pages.uz,31.22.4.69,False
palmera.uz,69.73.145.194,False
panda.uz,91.212.89.7,True
panasonic.uz,148.251.11.180,False
panorama.uz,91.212.89.70,True
panel.uz,188.132.179.34,False
papain.uz,176.57.209.236,False
papaya.uz,91.212.89.68,True
papain.uz,176.57.209.236,False
papaya.uz,91.212.89.68,True
papain.uz,176.57.209.236,False
papain.uz,176.57.209.236,False
papain.uz,176.57.209.236,False
papain.uz,176.57.209.236,False
papain.uz,176.57.209.236,False
papaya.uz,91.212.89.68,True
papers.uz,83.69.139.168,True
papers.uz,83.69.139.168,True
papers.uz,83.69.139.168,True
papers.uz,83.69.139.168,True
papers.uz,83.69.139.168,True
papain.uz,176.57.209.236,False
papers.uz,83.69.139.168,True
papaya.uz,91.212.89.68,True
papers.uz,83.69.139.168,True
papaya.uz,91.212.89.68,True
papers.uz,83.69.139.168,True
papaya.uz,91.212.89.68,True
papaya.uz,91.212.89.68,True
papaya.uz,91.212.89.68,True
para.uz,82.215.71.202,True
parents.uz,46.8.35.129,True
parents.uz,46.8.35.129,True
parents.uz,46.8.35.129,True
parking.uz,72.52.4.91,False
parking.uz,72.52.4.91,False
parking.uz,72.52.4.91,False
parking.uz,72.52.4.91,False
parker.uz,62.209.128.113,True
parents.uz,46.8.35.129,True
parker.uz,62.209.128.113,True
parents.uz,46.8.35.129,True
parents.uz,46.8.35.129,True
parking.uz,72.52.4.91,False
parents.uz,46.8.35.129,True
parking.uz,72.52.4.91,False
parking.uz,72.52.4.91,False
parents.uz,46.8.35.129,True
parking.uz,72.52.4.91,False
paris.uz,193.232.159.144,False
parker.uz,62.209.128.113,True
parker.uz,62.209.128.113,True
parnas.uz,91.212.89.100,True
parter.uz,62.209.133.18,True
parents.uz,46.8.35.129,True
para.uz,82.215.71.202,True
parents.uz,46.8.35.129,True
parents.uz,46.8.35.129,True
parents.uz,46.8.35.129,True
parker.uz,62.209.128.113,True
parking.uz,72.52.4.91,False
parking.uz,72.52.4.91,False
parking.uz,72.52.4.91,False
parking.uz,72.52.4.91,False
parker.uz,62.209.128.113,True
parker.uz,62.209.128.113,True
parents.uz,46.8.35.129,True
parents.uz,46.8.35.129,True
parents.uz,46.8.35.129,True
parker.uz,62.209.128.113,True
parking.uz,72.52.4.91,False
parents.uz,46.8.35.129,True
parking.uz,72.52.4.91,False
parking.uz,72.52.4.91,False
parking.uz,72.52.4.91,False
pasquale.uz,62.209.128.37,True
passport.uz,91.212.89.41,True
patents.uz,78.140.185.225,False
patents.uz,78.140.185.225,False
patents.uz,78.140.185.225,False
patents.uz,78.140.185.225,False
patriot.uz,5.9.18.110,False
patents.uz,78.140.185.225,False
patents.uz,78.140.185.225,False
patents.uz,78.140.185.225,False
patent.uz,91.212.89.99,True
patents.uz,78.140.185.225,False
patents.uz,78.140.185.225,False
patents.uz,78.140.185.225,False
patents.uz,78.140.185.225,False
patents.uz,78.140.185.225,False
patents.uz,78.140.185.225,False
patents.uz,78.140.185.225,False
patents.uz,78.140.185.225,False
patents.uz,78.140.185.225,False
pavilion.uz,62.209.128.102,True
pava.uz,62.209.128.102,True
paycom.uz,195.158.31.36,True
paypal.uz,72.52.10.14,False
pay.uz,216.14.208.157,False
page.uz,92.53.114.87,False
pages.uz,31.22.4.69,False
pages.uz,31.22.4.69,False
pages.uz,31.22.4.69,False
pages.uz,31.22.4.69,False
papain.uz,176.57.209.236,False
papain.uz,176.57.209.236,False
papaya.uz,91.212.89.68,True
papers.uz,83.69.139.168,True
papain.uz,176.57.209.236,False
papers.uz,83.69.139.168,True
papaya.uz,91.212.89.68,True
papain.uz,176.57.209.236,False
papaya.uz,91.212.89.68,True
papers.uz,83.69.139.168,True
papain.uz,176.57.209.236,False
papers.uz,83.69.139.168,True
papaya.uz,91.212.89.68,True
papers.uz,83.69.139.168,True
papain.uz,176.57.209.236,False
papers.uz,83.69.139.168,True
papain.uz,176.57.209.236,False
papain.uz,176.57.209.236,False
papaya.uz,91.212.89.68,True
papaya.uz,91.212.89.68,True
papers.uz,83.69.139.168,True
parents.uz,46.8.35.129,True
parents.uz,46.8.35.129,True
parents.uz,46.8.35.129,True
parents.uz,46.8.35.129,True
papers.uz,83.69.139.168,True
parents.uz,46.8.35.129,True
papaya.uz,91.212.89.68,True
para.uz,82.215.71.202,True
parker.uz,62.209.128.113,True
parking.uz,72.52.4.91,False
parents.uz,46.8.35.129,True
parents.uz,46.8.35.129,True
parker.uz,62.209.128.113,True
parking.uz,72.52.4.91,False
parking.uz,72.52.4.91,False
parking.uz,72.52.4.91,False
parking.uz,72.52.4.91,False
parents.uz,46.8.35.129,True
parking.uz,72.52.4.91,False
parking.uz,72.52.4.91,False
parker.uz,62.209.128.113,True
parker.uz,62.209.128.113,True
parking.uz,72.52.4.91,False
parents.uz,46.8.35.129,True
para.uz,82.215.71.202,True
parents.uz,46.8.35.129,True
parents.uz,46.8.35.129,True
parents.uz,46.8.35.129,True
parker.uz,62.209.128.113,True
parents.uz,46.8.35.129,True
papaya.uz,91.212.89.68,True
parents.uz,46.8.35.129,True
parking.uz,72.52.4.91,False
parents.uz,46.8.35.129,True
parking.uz,72.52.4.91,False
parker.uz,62.209.128.113,True
paris.uz,193.232.159.144,False
parking.uz,72.52.4.91,False
parking.uz,72.52.4.91,False
parker.uz,62.209.128.113,True
parker.uz,62.209.128.113,True
parking.uz,72.52.4.91,False
parking.uz,72.52.4.91,False
parking.uz,72.52.4.91,False
parents.uz,46.8.35.129,True
parking.uz,72.52.4.91,False
patents.uz,78.140.185.225,False
patents.uz,78.140.185.225,False
patents.uz,78.140.185.225,False
patents.uz,78.140.185.225,False
patents.uz,78.140.185.225,False
patents.uz,78.140.185.225,False
patents.uz,78.140.185.225,False
patents.uz,78.140.185.225,False
patents.uz,78.140.185.225,False
patents.uz,78.140.185.225,False
patents.uz,78.140.185.225,False
patents.uz,78.140.185.225,False
patents.uz,78.140.185.225,False
patents.uz,78.140.185.225,False
patents.uz,78.140.185.225,False
patents.uz,78.140.185.225,False
pbs.uz,62.209.128.102,True
pc.uz,91.212.89.70,True
pcl.uz,62.209.128.102,True
pbs.uz,62.209.128.102,True
pca.uz,78.110.50.145,False
pda.uz,91.212.89.68,True
pdg.uz,46.8.35.129,True
pdh.uz,91.212.89.100,True
pedagog.uz,192.64.147.181,False
pedagog.uz,192.64.147.181,False
pedagog.uz,192.64.147.181,False
pedagog.uz,192.64.147.181,False
pedagog.uz,192.64.147.181,False
pedagog.uz,192.64.147.181,False
pedagog.uz,192.64.147.181,False
pedagog.uz,192.64.147.181,False
pedagog.uz,192.64.147.181,False
pedagog.uz,192.64.147.181,False
pedagog.uz,192.64.147.181,False
pedagog.uz,192.64.147.181,False
pedagog.uz,192.64.147.181,False
pedagog.uz,192.64.147.181,False
pedagog.uz,192.64.147.181,False
pedagog.uz,192.64.147.181,False
pegas.uz,62.209.133.18,True
pekin.uz,83.69.230.64,False
pekin.uz,83.69.230.64,False
pekin.uz,83.69.230.64,False
pekin.uz,83.69.230.64,False
people.uz,195.216.243.241,False
pepsico.uz,217.29.126.198,True
perfect.uz,83.69.139.168,True
perfume.uz,91.212.89.68,True
perilla.uz,83.69.139.151,True
persona.uz,83.69.139.168,True
pet.uz,46.8.35.129,True
pedagog.uz,192.64.147.181,False
pedagog.uz,192.64.147.181,False
pedagog.uz,192.64.147.181,False
pedagog.uz,192.64.147.181,False
pedagog.uz,192.64.147.181,False
pedagog.uz,192.64.147.181,False
pedagog.uz,192.64.147.181,False
pedagog.uz,192.64.147.181,False
pedagog.uz,192.64.147.181,False
pedagog.uz,192.64.147.181,False
pedagog.uz,192.64.147.181,False
pedagog.uz,192.64.147.181,False
pedagog.uz,192.64.147.181,False
pedagog.uz,192.64.147.181,False
pedagog.uz,192.64.147.181,False
pedagog.uz,192.64.147.181,False
pekin.uz,83.69.230.64,False
pekin.uz,83.69.230.64,False
pekin.uz,83.69.230.64,False
pekin.uz,83.69.230.64,False
pfl.uz,80.80.208.8,True
pft.uz,62.128.1.80,False
pf.uz,198.91.81.3,False
pg.uz,83.221.178.247,True
pgd.uz,178.63.4.166,False
pgs.uz,69.73.145.194,False
pgs.uz,69.73.145.194,False
ph.uz,46.8.35.129,True
pharm.uz,195.158.27.26,True
pharm.uz,195.158.27.26,True
pharm.uz,195.158.27.26,True
pharm.uz,195.158.27.26,True
philips.uz,161.88.243.124,False
phone.uz,91.212.89.68,True
photo.uz,188.121.60.133,False
phone.uz,91.212.89.68,True
php.uz,178.63.4.166,False
pharm.uz,195.158.27.26,True
pharm.uz,195.158.27.26,True
pharm.uz,195.158.27.26,True
pharm.uz,195.158.27.26,True
phone.uz,91.212.89.68,True
pi.uz,62.209.128.116,True
pickup.uz,46.38.56.98,False
pickwick.uz,165.160.13.20,False
pikachu.uz,205.166.76.53,False
pin.uz,216.14.208.157,False
ping.uz,80.80.208.8,True
pipe.uz,5.9.18.110,False
pipo.uz,89.184.76.197,False
pip.uz,91.212.89.68,True
pistachio.uz,62.209.128.102,True
pitu.uz,212.20.161.59,False
pix.uz,81.95.225.138,True
pizza.uz,72.34.48.156,False
pix.uz,81.95.225.138,True
pk.uz,80.80.208.8,True
pki.uz,91.212.89.100,True
plan.uz,91.219.194.2,False
planeta.uz,91.212.89.100,True
playboys.uz,80.80.208.11,True
playboys.uz,80.80.208.11,True
platinum.uz,82.215.65.202,True
playboys.uz,80.80.208.11,True
playboys.uz,80.80.208.11,True
player.uz,80.80.208.36,True
player.uz,80.80.208.36,True
playboys.uz,80.80.208.11,True
playboys.uz,80.80.208.11,True
playboys.uz,80.80.208.11,True
playboys.uz,80.80.208.11,True
playboys.uz,80.80.208.11,True
planet.uz,91.212.89.157,True
playboys.uz,80.80.208.11,True
playboys.uz,80.80.208.11,True
player.uz,80.80.208.36,True
playstation.uz,91.212.89.100,True
playboys.uz,80.80.208.11,True
playboys.uz,80.80.208.11,True
playboys.uz,80.80.208.11,True
playboys.uz,80.80.208.11,True
playboys.uz,80.80.208.11,True
player.uz,80.80.208.36,True
plaza.uz,173.236.158.200,False
playboys.uz,80.80.208.11,True
playboys.uz,80.80.208.11,True
playboys.uz,80.80.208.11,True
playboys.uz,80.80.208.11,True
player.uz,80.80.208.36,True
playboys.uz,80.80.208.11,True
playboys.uz,80.80.208.11,True
playboys.uz,80.80.208.11,True
playboys.uz,80.80.208.11,True
player.uz,80.80.208.36,True
playboys.uz,80.80.208.11,True
player.uz,80.80.208.36,True
playboys.uz,80.80.208.11,True
playboys.uz,80.80.208.11,True
playboys.uz,80.80.208.11,True
playboys.uz,80.80.208.11,True
playboys.uz,80.80.208.11,True
playboys.uz,80.80.208.11,True
playboys.uz,80.80.208.11,True
plex.uz,82.215.67.2,True
plint.uz,83.69.139.151,True
player.uz,80.80.208.36,True
plp.uz,91.212.89.100,True
plug.uz,217.29.112.217,True
plus.uz,78.47.142.188,False
playboys.uz,80.80.208.11,True
player.uz,80.80.208.36,True
playboys.uz,80.80.208.11,True
playboys.uz,80.80.208.11,True
playboys.uz,80.80.208.11,True
playboys.uz,80.80.208.11,True
player.uz,80.80.208.36,True
player.uz,80.80.208.36,True
playboys.uz,80.80.208.11,True
playboys.uz,80.80.208.11,True
playboys.uz,80.80.208.11,True
playboys.uz,80.80.208.11,True
player.uz,80.80.208.36,True
playboys.uz,80.80.208.11,True
playboys.uz,80.80.208.11,True
playboys.uz,80.80.208.11,True
playboys.uz,80.80.208.11,True
playboys.uz,80.80.208.11,True
playboys.uz,80.80.208.11,True
playboys.uz,80.80.208.11,True
playboys.uz,80.80.208.11,True
playboys.uz,80.80.208.11,True
player.uz,80.80.208.36,True
playboys.uz,80.80.208.11,True
playboys.uz,80.80.208.11,True
playboys.uz,80.80.208.11,True
playboys.uz,80.80.208.11,True
playboys.uz,80.80.208.11,True
player.uz,80.80.208.36,True
playboys.uz,80.80.208.11,True
playboys.uz,80.80.208.11,True
playboys.uz,80.80.208.11,True
playboys.uz,80.80.208.11,True
playboys.uz,80.80.208.11,True
plaza.uz,173.236.158.200,False
playboys.uz,80.80.208.11,True
playboys.uz,80.80.208.11,True
player.uz,80.80.208.36,True
playboys.uz,80.80.208.11,True
playboys.uz,80.80.208.11,True
player.uz,80.80.208.36,True
plus.uz,78.47.142.188,False
pmp.uz,62.209.128.113,True
pnb.uz,80.80.208.8,True
poi.uz,69.195.124.98,False
point.uz,91.212.89.68,True
podium.uz,198.105.222.127,False
poker.uz,72.52.4.119,False
poker.uz,72.52.4.119,False
poker.uz,72.52.4.119,False
pokemon.uz,205.166.76.53,False
poker.uz,72.52.4.119,False
polis.uz,195.158.12.76,True
polit.uz,195.158.0.162,True
police.uz,72.52.4.119,False
polit.uz,195.158.0.162,True
polito.uz,91.212.89.100,True
polit.uz,195.158.0.162,True
police.uz,72.52.4.119,False
polit.uz,195.158.0.162,True
pop3.uz,217.29.116.200,True
popcorn.uz,178.218.201.252,True
pop.uz,217.29.116.200,True
port.uz,81.177.139.245,False
portal.uz,91.212.89.70,True
portnoy.uz,5.9.18.110,False
positive.uz,217.12.82.36,True
pos.uz,91.212.89.7,True
poker.uz,72.52.4.119,False
poker.uz,72.52.4.119,False
poker.uz,72.52.4.119,False
polit.uz,195.158.0.162,True
polit.uz,195.158.0.162,True
poker.uz,72.52.4.119,False
polit.uz,195.158.0.162,True
polit.uz,195.158.0.162,True
pos.uz,91.212.89.7,True
pr.uz,217.29.118.22,True
pq.uz,83.69.139.150,True
pragma.uz,81.95.237.17,True
premier.uz,185.8.212.113,True
press.uz,188.121.60.133,False
president.uz,91.212.89.40,True
present.uz,91.212.89.68,True
press-release.uz,83.69.139.168,True
pressa.uz,91.212.89.70,True
pretty.uz,178.218.200.71,True
prg.uz,69.73.145.194,False
prices.uz,83.69.139.174,True
prices.uz,83.69.139.174,True
prices.uz,83.69.139.174,True
prime.uz,68.178.254.120,False
prices.uz,83.69.139.174,True
prima.uz,91.212.89.100,True
printer.uz,91.212.89.70,True
printer.uz,91.212.89.70,True
printer.uz,91.212.89.70,True
printer.uz,91.212.89.70,True
printer.uz,91.212.89.70,True
printing.uz,91.224.140.78,False
printing.uz,91.224.140.78,False
printing.uz,91.224.140.78,False
printing.uz,91.224.140.78,False
printing.uz,91.224.140.78,False
printing.uz,91.224.140.78,False
printing.uz,91.224.140.78,False
printing.uz,91.224.140.78,False
printing.uz,91.224.140.78,False
printing.uz,91.224.140.78,False
printing.uz,91.224.140.78,False
printing.uz,91.224.140.78,False
printer.uz,91.212.89.70,True
printing.uz,91.224.140.78,False
printing.uz,91.224.140.78,False
printing.uz,91.224.140.78,False
printer.uz,91.212.89.70,True
print.uz,91.212.89.70,True
prices.uz,83.69.139.174,True
printing.uz,91.224.140.78,False
printer.uz,91.212.89.70,True
prices.uz,83.69.139.174,True
prices.uz,83.69.139.174,True
prices.uz,83.69.139.174,True
printing.uz,91.224.140.78,False
printing.uz,91.224.140.78,False
print.uz,91.212.89.70,True
printing.uz,91.224.140.78,False
printing.uz,91.224.140.78,False
printer.uz,91.212.89.70,True
printing.uz,91.224.140.78,False
printer.uz,91.212.89.70,True
printing.uz,91.224.140.78,False
printer.uz,91.212.89.70,True
printing.uz,91.224.140.78,False
printer.uz,91.212.89.70,True
printer.uz,91.212.89.70,True
printing.uz,91.224.140.78,False
printer.uz,91.212.89.70,True
printer.uz,91.212.89.70,True
printer.uz,91.212.89.70,True
printing.uz,91.224.140.78,False
printing.uz,91.224.140.78,False
printing.uz,91.224.140.78,False
printing.uz,91.224.140.78,False
printing.uz,91.224.140.78,False
processor.uz,46.8.35.129,True
profiles.uz,46.8.35.129,True
profiles.uz,46.8.35.129,True
profiles.uz,46.8.35.129,True
printing.uz,91.224.140.78,False
profiles.uz,46.8.35.129,True
profiles.uz,46.8.35.129,True
profiles.uz,46.8.35.129,True
profiles.uz,46.8.35.129,True
profiles.uz,46.8.35.129,True
profiles.uz,46.8.35.129,True
profiles.uz,46.8.35.129,True
printing.uz,91.224.140.78,False
prog.uz,83.69.139.168,True
programm.uz,195.158.0.162,True
programmer.uz,92.53.112.124,False
profiles.uz,46.8.35.129,True
profiles.uz,46.8.35.129,True
profiles.uz,46.8.35.129,True
projects.uz,185.8.212.91,True
projects.uz,185.8.212.91,True
projects.uz,185.8.212.91,True
projects.uz,185.8.212.91,True
projects.uz,185.8.212.91,True
projects.uz,185.8.212.91,True
projects.uz,185.8.212.91,True
projects.uz,185.8.212.91,True
projects.uz,185.8.212.91,True
projects.uz,185.8.212.91,True
projects.uz,185.8.212.91,True
projects.uz,185.8.212.91,True
product.uz,91.212.89.68,True
prolog.uz,46.29.2.50,False
prolog.uz,46.29.2.50,False
prolog.uz,46.29.2.50,False
profiles.uz,46.8.35.129,True
promoter.uz,91.212.89.100,True
promoter.uz,91.212.89.100,True
profiles.uz,46.8.35.129,True
promoter.uz,91.212.89.100,True
promoter.uz,91.212.89.100,True
promoter.uz,91.212.89.100,True
promoter.uz,91.212.89.100,True
promoter.uz,91.212.89.100,True
promoter.uz,91.212.89.100,True
promoter.uz,91.212.89.100,True
promoter.uz,91.212.89.100,True
promoter.uz,91.212.89.100,True
profiles.uz,46.8.35.129,True
projects.uz,185.8.212.91,True
projects.uz,185.8.212.91,True
prolog.uz,46.29.2.50,False
projects.uz,185.8.212.91,True
prolong.uz,62.209.133.18,True
projects.uz,185.8.212.91,True
promo.uz,178.159.250.7,False
promoter.uz,91.212.89.100,True
promoter.uz,91.212.89.100,True
promoter.uz,91.212.89.100,True
promoter.uz,91.212.89.100,True
promoter.uz,91.212.89.100,True
promos.uz,217.29.116.177,True
property.uz,91.212.89.68,True
printing.uz,91.224.140.78,False
provider.uz,91.212.89.70,True
provider.uz,91.212.89.70,True
provider.uz,91.212.89.70,True
provider.uz,91.212.89.70,True
provider.uz,91.212.89.70,True
prospect.uz,216.246.124.171,False
provider.uz,91.212.89.70,True
provider.uz,91.212.89.70,True
provider.uz,91.212.89.70,True
provider.uz,91.212.89.70,True
provider.uz,91.212.89.70,True
protein.uz,62.209.128.113,True
provider.uz,91.212.89.70,True
profiles.uz,46.8.35.129,True
profiles.uz,46.8.35.129,True
profiles.uz,46.8.35.129,True
profiles.uz,46.8.35.129,True
provider.uz,91.212.89.70,True
profiles.uz,46.8.35.129,True
profiles.uz,46.8.35.129,True
profiles.uz,46.8.35.129,True
profiles.uz,46.8.35.129,True
provider.uz,91.212.89.70,True
projects.uz,185.8.212.91,True
projects.uz,185.8.212.91,True
projects.uz,185.8.212.91,True
projects.uz,185.8.212.91,True
projects.uz,185.8.212.91,True
projects.uz,185.8.212.91,True
projects.uz,185.8.212.91,True
projects.uz,185.8.212.91,True
projects.uz,185.8.212.91,True
projects.uz,185.8.212.91,True
prolog.uz,46.29.2.50,False
prolog.uz,46.29.2.50,False
promoter.uz,91.212.89.100,True
promoter.uz,91.212.89.100,True
promoter.uz,91.212.89.100,True
promoter.uz,91.212.89.100,True
promoter.uz,91.212.89.100,True
promoter.uz,91.212.89.100,True
promoter.uz,91.212.89.100,True
promoter.uz,91.212.89.100,True
provider.uz,91.212.89.70,True
provider.uz,91.212.89.70,True
provider.uz,91.212.89.70,True
promoter.uz,91.212.89.100,True
promoter.uz,91.212.89.100,True
promoter.uz,91.212.89.100,True
promoter.uz,91.212.89.100,True
promoter.uz,91.212.89.100,True
promoter.uz,91.212.89.100,True
promoter.uz,91.212.89.100,True
promoter.uz,91.212.89.100,True
profiles.uz,46.8.35.129,True
projects.uz,185.8.212.91,True
prolog.uz,46.29.2.50,False
prolog.uz,46.29.2.50,False
profiles.uz,46.8.35.129,True
profiles.uz,46.8.35.129,True
profiles.uz,46.8.35.129,True
projects.uz,185.8.212.91,True
projects.uz,185.8.212.91,True
profiles.uz,46.8.35.129,True
projects.uz,185.8.212.91,True
profiles.uz,46.8.35.129,True
projects.uz,185.8.212.91,True
provider.uz,91.212.89.70,True
provider.uz,91.212.89.70,True
provider.uz,91.212.89.70,True
provider.uz,91.212.89.70,True
provider.uz,91.212.89.70,True
provider.uz,91.212.89.70,True
provider.uz,91.212.89.70,True
provider.uz,91.212.89.70,True
provider.uz,91.212.89.70,True
provider.uz,91.212.89.70,True
provider.uz,91.212.89.70,True
profiles.uz,46.8.35.129,True
provider.uz,91.212.89.70,True
provider.uz,91.212.89.70,True
provider.uz,91.212.89.70,True
provider.uz,91.212.89.70,True
provider.uz,91.212.89.70,True
projects.uz,185.8.212.91,True
profiles.uz,46.8.35.129,True
prices.uz,83.69.139.174,True
prices.uz,83.69.139.174,True
prices.uz,83.69.139.174,True
prices.uz,83.69.139.174,True
printer.uz,91.212.89.70,True
printing.uz,91.224.140.78,False
printing.uz,91.224.140.78,False
printing.uz,91.224.140.78,False
printer.uz,91.212.89.70,True
printing.uz,91.224.140.78,False
printing.uz,91.224.140.78,False
printing.uz,91.224.140.78,False
printing.uz,91.224.140.78,False
printing.uz,91.224.140.78,False
printing.uz,91.224.140.78,False
printer.uz,91.212.89.70,True
printing.uz,91.224.140.78,False
printing.uz,91.224.140.78,False
printing.uz,91.224.140.78,False
printing.uz,91.224.140.78,False
printing.uz,91.224.140.78,False
printer.uz,91.212.89.70,True
printer.uz,91.212.89.70,True
prices.uz,83.69.139.174,True
prices.uz,83.69.139.174,True
printer.uz,91.212.89.70,True
printing.uz,91.224.140.78,False
printing.uz,91.224.140.78,False
prices.uz,83.69.139.174,True
prices.uz,83.69.139.174,True
printer.uz,91.212.89.70,True
printing.uz,91.224.140.78,False
printing.uz,91.224.140.78,False
printing.uz,91.224.140.78,False
printer.uz,91.212.89.70,True
printer.uz,91.212.89.70,True
printing.uz,91.224.140.78,False
printer.uz,91.212.89.70,True
printer.uz,91.212.89.70,True
printing.uz,91.224.140.78,False
printing.uz,91.224.140.78,False
printing.uz,91.224.140.78,False
printing.uz,91.224.140.78,False
printing.uz,91.224.140.78,False
printing.uz,91.224.140.78,False
printer.uz,91.212.89.70,True
printing.uz,91.224.140.78,False
printer.uz,91.212.89.70,True
print.uz,91.212.89.70,True
printer.uz,91.212.89.70,True
printing.uz,91.224.140.78,False
printer.uz,91.212.89.70,True
printing.uz,91.224.140.78,False
printing.uz,91.224.140.78,False
printing.uz,91.224.140.78,False
profiles.uz,46.8.35.129,True
printer.uz,91.212.89.70,True
profiles.uz,46.8.35.129,True
profiles.uz,46.8.35.129,True
profiles.uz,46.8.35.129,True
profiles.uz,46.8.35.129,True
projects.uz,185.8.212.91,True
projects.uz,185.8.212.91,True
projects.uz,185.8.212.91,True
projects.uz,185.8.212.91,True
projects.uz,185.8.212.91,True
projects.uz,185.8.212.91,True
projects.uz,185.8.212.91,True
projects.uz,185.8.212.91,True
projects.uz,185.8.212.91,True
projects.uz,185.8.212.91,True
projects.uz,185.8.212.91,True
prolog.uz,46.29.2.50,False
prolog.uz,46.29.2.50,False
prolog.uz,46.29.2.50,False
prolog.uz,46.29.2.50,False
promoter.uz,91.212.89.100,True
promoter.uz,91.212.89.100,True
promoter.uz,91.212.89.100,True
promoter.uz,91.212.89.100,True
promoter.uz,91.212.89.100,True
promoter.uz,91.212.89.100,True
promoter.uz,91.212.89.100,True
promoter.uz,91.212.89.100,True
profiles.uz,46.8.35.129,True
profiles.uz,46.8.35.129,True
projects.uz,185.8.212.91,True
profiles.uz,46.8.35.129,True
projects.uz,185.8.212.91,True
profiles.uz,46.8.35.129,True
profiles.uz,46.8.35.129,True
profiles.uz,46.8.35.129,True
projects.uz,185.8.212.91,True
promoter.uz,91.212.89.100,True
promoter.uz,91.212.89.100,True
promoter.uz,91.212.89.100,True
printing.uz,91.224.140.78,False
promoter.uz,91.212.89.100,True
promoter.uz,91.212.89.100,True
promoter.uz,91.212.89.100,True
promoter.uz,91.212.89.100,True
promoter.uz,91.212.89.100,True
profiles.uz,46.8.35.129,True
profiles.uz,46.8.35.129,True
profiles.uz,46.8.35.129,True
projects.uz,185.8.212.91,True
projects.uz,185.8.212.91,True
provider.uz,91.212.89.70,True
provider.uz,91.212.89.70,True
provider.uz,91.212.89.70,True
provider.uz,91.212.89.70,True
provider.uz,91.212.89.70,True
provider.uz,91.212.89.70,True
provider.uz,91.212.89.70,True
provider.uz,91.212.89.70,True
provider.uz,91.212.89.70,True
provider.uz,91.212.89.70,True
profiles.uz,46.8.35.129,True
profiles.uz,46.8.35.129,True
provider.uz,91.212.89.70,True
provider.uz,91.212.89.70,True
provider.uz,91.212.89.70,True
provider.uz,91.212.89.70,True
provider.uz,91.212.89.70,True
profiles.uz,46.8.35.129,True
profiles.uz,46.8.35.129,True
profiles.uz,46.8.35.129,True
profiles.uz,46.8.35.129,True
profiles.uz,46.8.35.129,True
profiles.uz,46.8.35.129,True
profiles.uz,46.8.35.129,True
profiles.uz,46.8.35.129,True
profiles.uz,46.8.35.129,True
profiles.uz,46.8.35.129,True
projects.uz,185.8.212.91,True
projects.uz,185.8.212.91,True
projects.uz,185.8.212.91,True
projects.uz,185.8.212.91,True
projects.uz,185.8.212.91,True
prolog.uz,46.29.2.50,False
profiles.uz,46.8.35.129,True
prolog.uz,46.29.2.50,False
profiles.uz,46.8.35.129,True
promoter.uz,91.212.89.100,True
profiles.uz,46.8.35.129,True
profiles.uz,46.8.35.129,True
profiles.uz,46.8.35.129,True
projects.uz,185.8.212.91,True
projects.uz,185.8.212.91,True
projects.uz,185.8.212.91,True
projects.uz,185.8.212.91,True
projects.uz,185.8.212.91,True
profiles.uz,46.8.35.129,True
prolog.uz,46.29.2.50,False
projects.uz,185.8.212.91,True
projects.uz,185.8.212.91,True
projects.uz,185.8.212.91,True
prolog.uz,46.29.2.50,False
promoter.uz,91.212.89.100,True
promoter.uz,91.212.89.100,True
promoter.uz,91.212.89.100,True
promoter.uz,91.212.89.100,True
promoter.uz,91.212.89.100,True
provider.uz,91.212.89.70,True
promoter.uz,91.212.89.100,True
promoter.uz,91.212.89.100,True
promoter.uz,91.212.89.100,True
promoter.uz,91.212.89.100,True
promoter.uz,91.212.89.100,True
promoter.uz,91.212.89.100,True
promoter.uz,91.212.89.100,True
promoter.uz,91.212.89.100,True
promoter.uz,91.212.89.100,True
provider.uz,91.212.89.70,True
provider.uz,91.212.89.70,True
provider.uz,91.212.89.70,True
provider.uz,91.212.89.70,True
provider.uz,91.212.89.70,True
provider.uz,91.212.89.70,True
projects.uz,185.8.212.91,True
projects.uz,185.8.212.91,True
provider.uz,91.212.89.70,True
provider.uz,91.212.89.70,True
projects.uz,185.8.212.91,True
provider.uz,91.212.89.70,True
provider.uz,91.212.89.70,True
provider.uz,91.212.89.70,True
provider.uz,91.212.89.70,True
provider.uz,91.212.89.70,True
promoter.uz,91.212.89.100,True
provider.uz,91.212.89.70,True
provider.uz,91.212.89.70,True
psi.uz,81.177.141.229,False
provider.uz,91.212.89.70,True
psp.uz,91.219.194.31,False
psy.uz,178.33.88.224,False
pt.uz,62.209.128.113,True
pta.uz,83.69.139.151,True
pts.uz,91.203.172.2,True
pts.uz,91.203.172.2,True
publika.uz,66.147.244.102,False
pulver.uz,178.159.250.7,False
pulsar.uz,62.209.128.102,True
pupa.uz,195.110.124.133,False
pupil.uz,50.87.100.245,False
pupa.uz,195.110.124.133,False
purina.uz,164.109.19.178,False
pupa.uz,195.110.124.133,False
pupa.uz,195.110.124.133,False
pv.uz,195.158.0.162,True
pvc.uz,77.222.40.115,False
pw.uz,173.254.28.54,False
pwc.uz,155.201.84.2,False
pvp.uz,46.8.35.129,True
pa.uz,217.29.116.176,True
p\2.uz,91.188.128.21,True
pages.uz,31.22.4.69,False
pages.uz,31.22.4.69,False
pages.uz,31.22.4.69,False
pad.uz,91.212.89.68,True
pages.uz,31.22.4.69,False
papaya.uz,91.212.89.68,True
papain.uz,176.57.209.236,False
papaya.uz,91.212.89.68,True
papaya.uz,91.212.89.68,True
papers.uz,83.69.139.168,True
papaya.uz,91.212.89.68,True
papain.uz,176.57.209.236,False
papain.uz,176.57.209.236,False
papers.uz,83.69.139.168,True
papers.uz,83.69.139.168,True
papers.uz,83.69.139.168,True
papain.uz,176.57.209.236,False
panorama.uz,91.212.89.70,True
papers.uz,83.69.139.168,True
papaya.uz,91.212.89.68,True
papain.uz,176.57.209.236,False
papain.uz,176.57.209.236,False
papaya.uz,91.212.89.68,True
papaya.uz,91.212.89.68,True
papers.uz,83.69.139.168,True
para.uz,82.215.71.202,True
parents.uz,46.8.35.129,True
parents.uz,46.8.35.129,True
parents.uz,46.8.35.129,True
parents.uz,46.8.35.129,True
parents.uz,46.8.35.129,True
parents.uz,46.8.35.129,True
papain.uz,176.57.209.236,False
papers.uz,83.69.139.168,True
papers.uz,83.69.139.168,True
parents.uz,46.8.35.129,True
parker.uz,62.209.128.113,True
parker.uz,62.209.128.113,True
parking.uz,72.52.4.91,False
parking.uz,72.52.4.91,False
papain.uz,176.57.209.236,False
parking.uz,72.52.4.91,False
parking.uz,72.52.4.91,False
parking.uz,72.52.4.91,False
parker.uz,62.209.128.113,True
papaya.uz,91.212.89.68,True
parking.uz,72.52.4.91,False
parker.uz,62.209.128.113,True
parking.uz,72.52.4.91,False
para.uz,82.215.71.202,True
parents.uz,46.8.35.129,True
parents.uz,46.8.35.129,True
parents.uz,46.8.35.129,True
parents.uz,46.8.35.129,True
parker.uz,62.209.128.113,True
parking.uz,72.52.4.91,False
parking.uz,72.52.4.91,False
parking.uz,72.52.4.91,False
parking.uz,72.52.4.91,False
parker.uz,62.209.128.113,True
parking.uz,72.52.4.91,False
parents.uz,46.8.35.129,True
parking.uz,72.52.4.91,False
parents.uz,46.8.35.129,True
parking.uz,72.52.4.91,False
parents.uz,46.8.35.129,True
parents.uz,46.8.35.129,True
parents.uz,46.8.35.129,True
parking.uz,72.52.4.91,False
parking.uz,72.52.4.91,False
parker.uz,62.209.128.113,True
parker.uz,62.209.128.113,True
patents.uz,78.140.185.225,False
patents.uz,78.140.185.225,False
patents.uz,78.140.185.225,False
patents.uz,78.140.185.225,False
patents.uz,78.140.185.225,False
patents.uz,78.140.185.225,False
patents.uz,78.140.185.225,False
patents.uz,78.140.185.225,False
patents.uz,78.140.185.225,False
patents.uz,78.140.185.225,False
patents.uz,78.140.185.225,False
patents.uz,78.140.185.225,False
patents.uz,78.140.185.225,False
patents.uz,78.140.185.225,False
patents.uz,78.140.185.225,False
patents.uz,78.140.185.225,False
paa.uz,62.209.128.102,True
pack.uz,37.187.146.46,False
pack.uz,37.187.146.46,False
pad.uz,91.212.89.68,True
page.uz,92.53.114.87,False
pages.uz,31.22.4.69,False
pages.uz,31.22.4.69,False
pages.uz,31.22.4.69,False
paintball.uz,217.12.82.36,True
pages.uz,31.22.4.69,False
pair.uz,66.240.194.139,False
pagoda.uz,192.64.147.181,False
paintball.uz,217.12.82.36,True
palatka.uz,91.212.89.68,True
panasonic.uz,148.251.11.180,False
panda.uz,91.212.89.7,True
panorama.uz,91.212.89.70,True
panel.uz,188.132.179.34,False
papain.uz,176.57.209.236,False
papain.uz,176.57.209.236,False
papaya.uz,91.212.89.68,True
papaya.uz,91.212.89.68,True
papain.uz,176.57.209.236,False
papaya.uz,91.212.89.68,True
papain.uz,176.57.209.236,False
papers.uz,83.69.139.168,True
papaya.uz,91.212.89.68,True
paparazzi.uz,185.8.212.113,True
papers.uz,83.69.139.168,True
papers.uz,83.69.139.168,True
papers.uz,83.69.139.168,True
papaya.uz,91.212.89.68,True
papers.uz,83.69.139.168,True
papain.uz,176.57.209.236,False
papaya.uz,91.212.89.68,True
papers.uz,83.69.139.168,True
papain.uz,176.57.209.236,False
papain.uz,176.57.209.236,False
papaya.uz,91.212.89.68,True
papain.uz,176.57.209.236,False
papers.uz,83.69.139.168,True
papers.uz,83.69.139.168,True
papaya.uz,91.212.89.68,True
parents.uz,46.8.35.129,True
parking.uz,72.52.4.91,False
parker.uz,62.209.128.113,True
para.uz,82.215.71.202,True
parking.uz,72.52.4.91,False
parents.uz,46.8.35.129,True
parking.uz,72.52.4.91,False
parker.uz,62.209.128.113,True
parking.uz,72.52.4.91,False
parents.uz,46.8.35.129,True
parker.uz,62.209.128.113,True
parker.uz,62.209.128.113,True
parking.uz,72.52.4.91,False
parents.uz,46.8.35.129,True
parents.uz,46.8.35.129,True
parking.uz,72.52.4.91,False
parents.uz,46.8.35.129,True
parents.uz,46.8.35.129,True
para.uz,82.215.71.202,True
parents.uz,46.8.35.129,True
parking.uz,72.52.4.91,False
parallels.uz,217.29.118.180,True
parking.uz,72.52.4.91,False
parents.uz,46.8.35.129,True
parents.uz,46.8.35.129,True
parents.uz,46.8.35.129,True
parents.uz,46.8.35.129,True
parents.uz,46.8.35.129,True
parents.uz,46.8.35.129,True
parfum.uz,91.212.89.68,True
parker.uz,62.209.128.113,True
parking.uz,72.52.4.91,False
parker.uz,62.209.128.113,True
parker.uz,62.209.128.113,True
parents.uz,46.8.35.129,True
parents.uz,46.8.35.129,True
parking.uz,72.52.4.91,False
parking.uz,72.52.4.91,False
paris.uz,193.232.159.145,False
parker.uz,62.209.128.113,True
parking.uz,72.52.4.91,False
parking.uz,72.52.4.91,False
parking.uz,72.52.4.91,False
parking.uz,72.52.4.91,False
parol.uz,195.158.12.77,True
parking.uz,72.52.4.91,False
parnas.uz,91.212.89.100,True
parter.uz,62.209.133.18,True
pasquale.uz,62.209.128.37,True
passport.uz,91.212.89.41,True
passport.uz,91.212.89.41,True
patents.uz,78.140.185.225,False
patents.uz,78.140.185.225,False
patents.uz,78.140.185.225,False
patents.uz,78.140.185.225,False
patents.uz,78.140.185.225,False
patents.uz,78.140.185.225,False
patents.uz,78.140.185.225,False
patents.uz,78.140.185.225,False
patents.uz,78.140.185.225,False
patents.uz,78.140.185.225,False
patents.uz,78.140.185.225,False
patents.uz,78.140.185.225,False
patents.uz,78.140.185.225,False
patents.uz,78.140.185.225,False
patents.uz,78.140.185.225,False
patents.uz,78.140.185.225,False
patent.uz,91.212.89.99,True
patriot.uz,5.9.18.110,False
pava.uz,62.209.128.102,True
pavilion.uz,62.209.128.102,True
paypal.uz,72.52.10.14,False
pay.uz,216.14.208.157,False
pbs.uz,62.209.128.102,True
pca.uz,78.110.50.145,False
pda.uz,91.212.89.68,True
pc.uz,91.212.89.70,True
pdg.uz,46.8.35.129,True
pedagog.uz,192.64.147.181,False
pedagog.uz,192.64.147.181,False
pedagog.uz,192.64.147.181,False
pedagog.uz,192.64.147.181,False
pedagog.uz,192.64.147.181,False
pedagog.uz,192.64.147.181,False
pedagog.uz,192.64.147.181,False
pedagog.uz,192.64.147.181,False
pedagog.uz,192.64.147.181,False
pedagog.uz,192.64.147.181,False
pedagog.uz,192.64.147.181,False
pedagog.uz,192.64.147.181,False
pedagog.uz,192.64.147.181,False
pedagog.uz,192.64.147.181,False
pedagog.uz,192.64.147.181,False
pekin.uz,83.69.230.64,False
pekin.uz,83.69.230.64,False
pekin.uz,83.69.230.64,False
pekin.uz,83.69.230.64,False
pedagog.uz,192.64.147.181,False
pedagog.uz,192.64.147.181,False
pedagog.uz,192.64.147.181,False
pedagog.uz,192.64.147.181,False
pedagog.uz,192.64.147.181,False
pedagog.uz,192.64.147.181,False
pedagog.uz,192.64.147.181,False
pedagog.uz,192.64.147.181,False
pedagog.uz,192.64.147.181,False
pedagog.uz,192.64.147.181,False
pedagog.uz,192.64.147.181,False
pedagog.uz,192.64.147.181,False
pedagog.uz,192.64.147.181,False
pedagog.uz,192.64.147.181,False
pedagog.uz,192.64.147.181,False
pedagog.uz,192.64.147.181,False
pedagog.uz,192.64.147.181,False
pekin.uz,83.69.230.64,False
pekin.uz,83.69.230.64,False
pekin.uz,83.69.230.64,False
pegas.uz,62.209.133.18,True
pekin.uz,83.69.230.64,False
people.uz,195.216.243.241,False
peopletravel.uz,91.224.140.193,False
pepsico.uz,217.29.126.198,True
pepsico.uz,217.29.126.198,True
perilla.uz,83.69.139.151,True
perfume.uz,91.212.89.68,True
perfect.uz,83.69.139.168,True
persona.uz,83.69.139.168,True
pet.uz,46.8.35.129,True
pfl.uz,80.80.208.8,True
pf.uz,198.91.81.3,False
pharm.uz,195.158.27.26,True
pharm.uz,195.158.27.26,True
ph.uz,46.8.35.129,True
pg.uz,83.221.178.247,True
pharm.uz,195.158.27.26,True
pharm.uz,195.158.27.26,True
pharm.uz,195.158.27.26,True
pharm.uz,195.158.27.26,True
pharm.uz,195.158.27.26,True
pharm.uz,195.158.27.26,True
philips.uz,161.88.243.124,False
photo.uz,188.121.60.133,False
phone.uz,91.212.89.68,True
photoalbum.uz,176.9.144.25,False
pi.uz,62.209.128.116,True
pix.uz,81.95.225.138,True
pizza.uz,72.34.48.156,False
pickwick.uz,165.160.15.20,False
pickup.uz,46.38.56.98,False
pikachu.uz,205.166.76.53,False
pin.uz,216.14.208.157,False
ping.uz,80.80.208.8,True
pip.uz,91.212.89.68,True
pipe.uz,5.9.18.110,False
pistachio.uz,62.209.128.102,True
pitu.uz,212.20.161.59,False
pixelcraft.uz,176.57.209.123,False
pizza.uz,72.34.48.156,False
pix.uz,81.95.225.138,True
pk.uz,80.80.208.8,True
player.uz,80.80.208.36,True
playboys.uz,80.80.208.11,True
playboys.uz,80.80.208.11,True
playboys.uz,80.80.208.11,True
playboys.uz,80.80.208.11,True
playboys.uz,80.80.208.11,True
player.uz,80.80.208.36,True
playboys.uz,80.80.208.11,True
playboys.uz,80.80.208.11,True
player.uz,80.80.208.36,True
playboys.uz,80.80.208.11,True
playboys.uz,80.80.208.11,True
playboys.uz,80.80.208.11,True
playboys.uz,80.80.208.11,True
playboys.uz,80.80.208.11,True
playboys.uz,80.80.208.11,True
playboys.uz,80.80.208.11,True
player.uz,80.80.208.36,True
playboys.uz,80.80.208.11,True
playboys.uz,80.80.208.11,True
playboys.uz,80.80.208.11,True
playboys.uz,80.80.208.11,True
playboys.uz,80.80.208.11,True
playboys.uz,80.80.208.11,True
playboys.uz,80.80.208.11,True
playboys.uz,80.80.208.11,True
player.uz,80.80.208.36,True
playboys.uz,80.80.208.11,True
playboys.uz,80.80.208.11,True
player.uz,80.80.208.36,True
player.uz,80.80.208.36,True
playboys.uz,80.80.208.11,True
playboys.uz,80.80.208.11,True
playboys.uz,80.80.208.11,True
playboys.uz,80.80.208.11,True
playboys.uz,80.80.208.11,True
playboys.uz,80.80.208.11,True
player.uz,80.80.208.36,True
playboys.uz,80.80.208.11,True
playboys.uz,80.80.208.11,True
playboys.uz,80.80.208.11,True
playboys.uz,80.80.208.11,True
playboys.uz,80.80.208.11,True
player.uz,80.80.208.36,True
playboys.uz,80.80.208.11,True
playboys.uz,80.80.208.11,True
player.uz,80.80.208.36,True
playboys.uz,80.80.208.11,True
playboys.uz,80.80.208.11,True
playboys.uz,80.80.208.11,True
player.uz,80.80.208.36,True
playboys.uz,80.80.208.11,True
player.uz,80.80.208.36,True
playboys.uz,80.80.208.11,True
playboys.uz,80.80.208.11,True
playboys.uz,80.80.208.11,True
playboys.uz,80.80.208.11,True
playboys.uz,80.80.208.11,True
playboys.uz,80.80.208.11,True
plan.uz,91.219.194.2,False
planeta.uz,91.212.89.100,True
playboys.uz,80.80.208.11,True
planet.uz,91.212.89.157,True
platinum.uz,82.215.65.202,True
playboys.uz,80.80.208.11,True
playboys.uz,80.80.208.11,True
playboys.uz,80.80.208.11,True
playboys.uz,80.80.208.11,True
playboys.uz,80.80.208.11,True
player.uz,80.80.208.36,True
playboys.uz,80.80.208.11,True
playboys.uz,80.80.208.11,True
playboys.uz,80.80.208.11,True
playboys.uz,80.80.208.11,True
playboys.uz,80.80.208.11,True
plaza.uz,173.236.158.200,False
playboys.uz,80.80.208.11,True
player.uz,80.80.208.36,True
playboys.uz,80.80.208.11,True
playstation.uz,91.212.89.100,True
player.uz,80.80.208.36,True
playboys.uz,80.80.208.11,True
playboys.uz,80.80.208.11,True
playboys.uz,80.80.208.11,True
playboys.uz,80.80.208.11,True
player.uz,80.80.208.36,True
playground.uz,83.221.178.247,True
playstation.uz,91.212.89.100,True
plex.uz,82.215.67.2,True
plint.uz,83.69.139.151,True
plk.uz,178.159.250.10,False
plug.uz,217.29.112.217,True
plus.uz,78.47.142.188,False
poker.uz,72.52.4.119,False
poker.uz,72.52.4.119,False
poker.uz,72.52.4.119,False
polit.uz,195.158.0.162,True
poker.uz,72.52.4.119,False
polit.uz,195.158.0.162,True
polit.uz,195.158.0.162,True
polit.uz,195.158.0.162,True
pop.uz,217.29.116.200,True
podium.uz,198.105.222.127,False
poi.uz,69.195.124.98,False
pogoda.uz,178.63.4.166,False
poker.uz,72.52.4.119,False
point.uz,91.212.89.68,True
poker.uz,72.52.4.119,False
poker.uz,72.52.4.119,False
pokemon.uz,205.166.76.53,False
poker.uz,72.52.4.119,False
polit.uz,195.158.0.162,True
polit.uz,195.158.0.162,True
polit.uz,195.158.0.162,True
police.uz,72.52.4.119,False
polis.uz,195.158.12.76,True
polit.uz,195.158.0.162,True
polito.uz,91.212.89.100,True
polyglot.uz,50.87.100.245,False
pop3.uz,217.29.116.200,True
popcorn.uz,178.218.201.252,True
pop.uz,217.29.116.200,True
port.uz,81.177.139.245,False
portnoy.uz,5.9.18.110,False
pos.uz,91.212.89.7,True
portfolio.uz,31.220.16.197,False
positive.uz,217.12.82.36,True
portal.uz,91.212.89.70,True
pr.uz,217.29.118.22,True
ppq.uz,81.177.141.33,False
pq.uz,83.69.139.150,True
prices.uz,83.69.139.174,True
prices.uz,83.69.139.174,True
prices.uz,83.69.139.174,True
printer.uz,91.212.89.70,True
printer.uz,91.212.89.70,True
printer.uz,91.212.89.70,True
printer.uz,91.212.89.70,True
printing.uz,91.224.140.78,False
printing.uz,91.224.140.78,False
printing.uz,91.224.140.78,False
printer.uz,91.212.89.70,True
printing.uz,91.224.140.78,False
printing.uz,91.224.140.78,False
printing.uz,91.224.140.78,False
printing.uz,91.224.140.78,False
printing.uz,91.224.140.78,False
printing.uz,91.224.140.78,False
printer.uz,91.212.89.70,True
printing.uz,91.224.140.78,False
printing.uz,91.224.140.78,False
printing.uz,91.224.140.78,False
prices.uz,83.69.139.174,True
printer.uz,91.212.89.70,True
printing.uz,91.224.140.78,False
prices.uz,83.69.139.174,True
printing.uz,91.224.140.78,False
printing.uz,91.224.140.78,False
printing.uz,91.224.140.78,False
printer.uz,91.212.89.70,True
printing.uz,91.224.140.78,False
printer.uz,91.212.89.70,True
printing.uz,91.224.140.78,False
printer.uz,91.212.89.70,True
printer.uz,91.212.89.70,True
printer.uz,91.212.89.70,True
printing.uz,91.224.140.78,False
printing.uz,91.224.140.78,False
printing.uz,91.224.140.78,False
printing.uz,91.224.140.78,False
prices.uz,83.69.139.174,True
printer.uz,91.212.89.70,True
printer.uz,91.212.89.70,True
printing.uz,91.224.140.78,False
printing.uz,91.224.140.78,False
printing.uz,91.224.140.78,False
printing.uz,91.224.140.78,False
printing.uz,91.224.140.78,False
prices.uz,83.69.139.174,True
printing.uz,91.224.140.78,False
printing.uz,91.224.140.78,False
printing.uz,91.224.140.78,False
printer.uz,91.212.89.70,True
printer.uz,91.212.89.70,True
printing.uz,91.224.140.78,False
printing.uz,91.224.140.78,False
profiles.uz,46.8.35.129,True
profiles.uz,46.8.35.129,True
profiles.uz,46.8.35.129,True
profiles.uz,46.8.35.129,True
profiles.uz,46.8.35.129,True
projects.uz,185.8.212.91,True
projects.uz,185.8.212.91,True
projects.uz,185.8.212.91,True
projects.uz,185.8.212.91,True
projects.uz,185.8.212.91,True
profiles.uz,46.8.35.129,True
prices.uz,83.69.139.174,True
prolog.uz,46.29.2.50,False
profiles.uz,46.8.35.129,True
projects.uz,185.8.212.91,True
projects.uz,185.8.212.91,True
projects.uz,185.8.212.91,True
profiles.uz,46.8.35.129,True
profiles.uz,46.8.35.129,True
promoter.uz,91.212.89.100,True
projects.uz,185.8.212.91,True
profiles.uz,46.8.35.129,True
projects.uz,185.8.212.91,True
profiles.uz,46.8.35.129,True
promoter.uz,91.212.89.100,True
promoter.uz,91.212.89.100,True
promoter.uz,91.212.89.100,True
promoter.uz,91.212.89.100,True
promoter.uz,91.212.89.100,True
promoter.uz,91.212.89.100,True
promoter.uz,91.212.89.100,True
promoter.uz,91.212.89.100,True
profiles.uz,46.8.35.129,True
promoter.uz,91.212.89.100,True
profiles.uz,46.8.35.129,True
promoter.uz,91.212.89.100,True
prolog.uz,46.29.2.50,False
profiles.uz,46.8.35.129,True
promoter.uz,91.212.89.100,True
prolog.uz,46.29.2.50,False
profiles.uz,46.8.35.129,True
projects.uz,185.8.212.91,True
projects.uz,185.8.212.91,True
promoter.uz,91.212.89.100,True
projects.uz,185.8.212.91,True
projects.uz,185.8.212.91,True
projects.uz,185.8.212.91,True
projects.uz,185.8.212.91,True
promoter.uz,91.212.89.100,True
prolog.uz,46.29.2.50,False
promoter.uz,91.212.89.100,True
profiles.uz,46.8.35.129,True
provider.uz,91.212.89.70,True
provider.uz,91.212.89.70,True
provider.uz,91.212.89.70,True
provider.uz,91.212.89.70,True
promoter.uz,91.212.89.100,True
provider.uz,91.212.89.70,True
provider.uz,91.212.89.70,True
provider.uz,91.212.89.70,True
provider.uz,91.212.89.70,True
provider.uz,91.212.89.70,True
provider.uz,91.212.89.70,True
provider.uz,91.212.89.70,True
provider.uz,91.212.89.70,True
provider.uz,91.212.89.70,True
provider.uz,91.212.89.70,True
provider.uz,91.212.89.70,True
profiles.uz,46.8.35.129,True
profiles.uz,46.8.35.129,True
profiles.uz,46.8.35.129,True
profiles.uz,46.8.35.129,True
profiles.uz,46.8.35.129,True
profiles.uz,46.8.35.129,True
projects.uz,185.8.212.91,True
projects.uz,185.8.212.91,True
projects.uz,185.8.212.91,True
projects.uz,185.8.212.91,True
projects.uz,185.8.212.91,True
promoter.uz,91.212.89.100,True
promoter.uz,91.212.89.100,True
projects.uz,185.8.212.91,True
projects.uz,185.8.212.91,True
projects.uz,185.8.212.91,True
projects.uz,185.8.212.91,True
projects.uz,185.8.212.91,True
projects.uz,185.8.212.91,True
projects.uz,185.8.212.91,True
projects.uz,185.8.212.91,True
projects.uz,185.8.212.91,True
projects.uz,185.8.212.91,True
projects.uz,185.8.212.91,True
prolog.uz,46.29.2.50,False
prolog.uz,46.29.2.50,False
profiles.uz,46.8.35.129,True
prolog.uz,46.29.2.50,False
prolog.uz,46.29.2.50,False
profiles.uz,46.8.35.129,True
profiles.uz,46.8.35.129,True
promoter.uz,91.212.89.100,True
promoter.uz,91.212.89.100,True
promoter.uz,91.212.89.100,True
promoter.uz,91.212.89.100,True
promoter.uz,91.212.89.100,True
promoter.uz,91.212.89.100,True
promoter.uz,91.212.89.100,True
promoter.uz,91.212.89.100,True
profiles.uz,46.8.35.129,True
profiles.uz,46.8.35.129,True
profiles.uz,46.8.35.129,True
promoter.uz,91.212.89.100,True
profiles.uz,46.8.35.129,True
promoter.uz,91.212.89.100,True
profiles.uz,46.8.35.129,True
profiles.uz,46.8.35.129,True
promoter.uz,91.212.89.100,True
provider.uz,91.212.89.70,True
promoter.uz,91.212.89.100,True
promoter.uz,91.212.89.100,True
profiles.uz,46.8.35.129,True
provider.uz,91.212.89.70,True
provider.uz,91.212.89.70,True
provider.uz,91.212.89.70,True
provider.uz,91.212.89.70,True
provider.uz,91.212.89.70,True
provider.uz,91.212.89.70,True
provider.uz,91.212.89.70,True
provider.uz,91.212.89.70,True
promoter.uz,91.212.89.100,True
provider.uz,91.212.89.70,True
provider.uz,91.212.89.70,True
provider.uz,91.212.89.70,True
provider.uz,91.212.89.70,True
provider.uz,91.212.89.70,True
provider.uz,91.212.89.70,True
provider.uz,91.212.89.70,True
provider.uz,91.212.89.70,True
pragma.uz,81.95.237.17,True
premier.uz,185.8.212.113,True
premio.uz,204.74.99.100,False
present.uz,91.212.89.68,True
pressa.uz,91.212.89.70,True
press.uz,188.121.60.133,False
president.uz,91.212.89.40,True
press-release.uz,83.69.139.168,True
pretty.uz,178.218.200.71,True
prices.uz,83.69.139.174,True
prices.uz,83.69.139.174,True
prices.uz,83.69.139.174,True
printing.uz,91.224.140.78,False
printing.uz,91.224.140.78,False
printer.uz,91.212.89.70,True
printer.uz,91.212.89.70,True
printing.uz,91.224.140.78,False
printing.uz,91.224.140.78,False
printing.uz,91.224.140.78,False
printer.uz,91.212.89.70,True
printer.uz,91.212.89.70,True
printing.uz,91.224.140.78,False
printer.uz,91.212.89.70,True
printer.uz,91.212.89.70,True
printing.uz,91.224.140.78,False
printer.uz,91.212.89.70,True
printing.uz,91.224.140.78,False
printing.uz,91.224.140.78,False
printing.uz,91.224.140.78,False
printing.uz,91.224.140.78,False
printing.uz,91.224.140.78,False
printing.uz,91.224.140.78,False
printer.uz,91.212.89.70,True
printing.uz,91.224.140.78,False
prices.uz,83.69.139.174,True
prices.uz,83.69.139.174,True
printing.uz,91.224.140.78,False
prices.uz,83.69.139.174,True
printing.uz,91.224.140.78,False
prices.uz,83.69.139.174,True
prima.uz,91.212.89.100,True
printing.uz,91.224.140.78,False
printing.uz,91.224.140.78,False
printer.uz,91.212.89.70,True
printing.uz,91.224.140.78,False
printer.uz,91.212.89.70,True
printer.uz,91.212.89.70,True
printing.uz,91.224.140.78,False
printing.uz,91.224.140.78,False
printer.uz,91.212.89.70,True
prime.uz,68.178.254.120,False
printing.uz,91.224.140.78,False
printing.uz,91.224.140.78,False
printing.uz,91.224.140.78,False
prices.uz,83.69.139.174,True
printer.uz,91.212.89.70,True
printing.uz,91.224.140.78,False
printing.uz,91.224.140.78,False
printing.uz,91.224.140.78,False
print.uz,91.212.89.70,True
printer.uz,91.212.89.70,True
printing.uz,91.224.140.78,False
printer.uz,91.212.89.70,True
printing.uz,91.224.140.78,False
printing.uz,91.224.140.78,False
printer.uz,91.212.89.70,True
printing.uz,91.224.140.78,False
printing.uz,91.224.140.78,False
profiles.uz,46.8.35.129,True
profiles.uz,46.8.35.129,True
profiles.uz,46.8.35.129,True
profiles.uz,46.8.35.129,True
profiles.uz,46.8.35.129,True
profiles.uz,46.8.35.129,True
projects.uz,185.8.212.91,True
projects.uz,185.8.212.91,True
projects.uz,185.8.212.91,True
projects.uz,185.8.212.91,True
profiles.uz,46.8.35.129,True
profiles.uz,46.8.35.129,True
profiles.uz,46.8.35.129,True
profiles.uz,46.8.35.129,True
profiles.uz,46.8.35.129,True
profiles.uz,46.8.35.129,True
promoter.uz,91.212.89.100,True
projects.uz,185.8.212.91,True
profiles.uz,46.8.35.129,True
projects.uz,185.8.212.91,True
projects.uz,185.8.212.91,True
profiles.uz,46.8.35.129,True
prolog.uz,46.29.2.50,False
promoter.uz,91.212.89.100,True
promoter.uz,91.212.89.100,True
prolog.uz,46.29.2.50,False
promoter.uz,91.212.89.100,True
profiles.uz,46.8.35.129,True
promoter.uz,91.212.89.100,True
promoter.uz,91.212.89.100,True
projects.uz,185.8.212.91,True
projects.uz,185.8.212.91,True
projects.uz,185.8.212.91,True
profiles.uz,46.8.35.129,True
projects.uz,185.8.212.91,True
promoter.uz,91.212.89.100,True
projects.uz,185.8.212.91,True
prolog.uz,46.29.2.50,False
promoter.uz,91.212.89.100,True
prolog.uz,46.29.2.50,False
promoter.uz,91.212.89.100,True
promoter.uz,91.212.89.100,True
promoter.uz,91.212.89.100,True
promoter.uz,91.212.89.100,True
promoter.uz,91.212.89.100,True
promoter.uz,91.212.89.100,True
promoter.uz,91.212.89.100,True
projects.uz,185.8.212.91,True
projects.uz,185.8.212.91,True
projects.uz,185.8.212.91,True
provider.uz,91.212.89.70,True
provider.uz,91.212.89.70,True
provider.uz,91.212.89.70,True
provider.uz,91.212.89.70,True
provider.uz,91.212.89.70,True
provider.uz,91.212.89.70,True
provider.uz,91.212.89.70,True
provider.uz,91.212.89.70,True
promoter.uz,91.212.89.100,True
provider.uz,91.212.89.70,True
provider.uz,91.212.89.70,True
projects.uz,185.8.212.91,True
provider.uz,91.212.89.70,True
provider.uz,91.212.89.70,True
provider.uz,91.212.89.70,True
provider.uz,91.212.89.70,True
provider.uz,91.212.89.70,True
processor.uz,46.8.35.129,True
provider.uz,91.212.89.70,True
profiles.uz,46.8.35.129,True
product.uz,91.212.89.68,True
professionals.uz,217.29.116.177,True
profiles.uz,46.8.35.129,True
profiles.uz,46.8.35.129,True
profiles.uz,46.8.35.129,True
profiles.uz,46.8.35.129,True
profiles.uz,46.8.35.129,True
prog.uz,83.69.139.168,True
profiles.uz,46.8.35.129,True
profiles.uz,46.8.35.129,True
profiles.uz,46.8.35.129,True
profiles.uz,46.8.35.129,True
programmer.uz,92.53.112.124,False
profiles.uz,46.8.35.129,True
profiles.uz,46.8.35.129,True
profiles.uz,46.8.35.129,True
profiles.uz,46.8.35.129,True
profiles.uz,46.8.35.129,True
profiles.uz,46.8.35.129,True
projects.uz,185.8.212.91,True
projects.uz,185.8.212.91,True
projects.uz,185.8.212.91,True
projects.uz,185.8.212.91,True
projects.uz,185.8.212.91,True
programm.uz,195.158.0.162,True
projects.uz,185.8.212.91,True
projects.uz,185.8.212.91,True
projects.uz,185.8.212.91,True
projects.uz,185.8.212.91,True
prolong.uz,62.209.133.18,True
promoter.uz,91.212.89.100,True
promoter.uz,91.212.89.100,True
projects.uz,185.8.212.91,True
promed.uz,62.209.128.113,True
projects.uz,185.8.212.91,True
promoter.uz,91.212.89.100,True
promoter.uz,91.212.89.100,True
prolog.uz,46.29.2.50,False
promoter.uz,91.212.89.100,True
promoter.uz,91.212.89.100,True
projects.uz,185.8.212.91,True
promoter.uz,91.212.89.100,True
promos.uz,217.29.116.177,True
projects.uz,185.8.212.91,True
prolog.uz,46.29.2.50,False
projects.uz,185.8.212.91,True
projects.uz,185.8.212.91,True
promoter.uz,91.212.89.100,True
projects.uz,185.8.212.91,True
prolog.uz,46.29.2.50,False
prolog.uz,46.29.2.50,False
promoter.uz,91.212.89.100,True
promoter.uz,91.212.89.100,True
promoter.uz,91.212.89.100,True
promoter.uz,91.212.89.100,True
property.uz,91.212.89.68,True
promoter.uz,91.212.89.100,True
promo.uz,178.159.250.7,False
promoter.uz,91.212.89.100,True
promoter.uz,91.212.89.100,True
promoter.uz,91.212.89.100,True
prophoto.uz,69.73.145.194,False
prospect.uz,216.246.124.171,False
protein.uz,62.209.128.113,True
provider.uz,91.212.89.70,True
protravel.uz,46.8.35.129,True
provider.uz,91.212.89.70,True
provider.uz,91.212.89.70,True
provider.uz,91.212.89.70,True
provider.uz,91.212.89.70,True
provider.uz,91.212.89.70,True
provider.uz,91.212.89.70,True
provider.uz,91.212.89.70,True
provider.uz,91.212.89.70,True
provider.uz,91.212.89.70,True
provider.uz,91.212.89.70,True
provider.uz,91.212.89.70,True
provision.uz,69.195.124.143,False
provider.uz,91.212.89.70,True
provider.uz,91.212.89.70,True
provider.uz,91.212.89.70,True
provider.uz,91.212.89.70,True
psi.uz,81.177.141.229,False
psy.uz,178.33.88.224,False
pts.uz,91.203.172.2,True
pta.uz,83.69.139.151,True
pt.uz,62.209.128.113,True
pts.uz,91.203.172.2,True
pupa.uz,195.110.124.133,False
pupa.uz,195.110.124.133,False
publika.uz,66.147.244.102,False
pulsar.uz,62.209.128.102,True
pulver.uz,178.159.250.7,False
pupa.uz,195.110.124.133,False
pupa.uz,195.110.124.133,False
pupil.uz,50.87.100.245,False
purina.uz,164.109.19.178,False
pw.uz,173.254.28.54,False
pv.uz,195.158.0.162,True
pvc.uz,77.222.40.115,False
p2.uz,91.188.128.21,True
pa.uz,217.29.116.176,True
pages.uz,31.22.4.69,False
pages.uz,31.22.4.69,False
pages.uz,31.22.4.69,False
pages.uz,31.22.4.69,False
papers.uz,83.69.139.168,True
papers.uz,83.69.139.168,True
papain.uz,176.57.209.236,False
papain.uz,176.57.209.236,False
papain.uz,176.57.209.236,False
papain.uz,176.57.209.236,False
papers.uz,83.69.139.168,True
papers.uz,83.69.139.168,True
papain.uz,176.57.209.236,False
papers.uz,83.69.139.168,True
papain.uz,176.57.209.236,False
papers.uz,83.69.139.168,True
papaya.uz,91.212.89.68,True
para.uz,82.215.71.202,True
parents.uz,46.8.35.129,True
parking.uz,72.52.4.91,False
parker.uz,62.209.128.113,True
parking.uz,72.52.4.91,False
parking.uz,72.52.4.91,False
parking.uz,72.52.4.91,False
parker.uz,62.209.128.113,True
parking.uz,72.52.4.91,False
parents.uz,46.8.35.129,True
parents.uz,46.8.35.129,True
parents.uz,46.8.35.129,True
parents.uz,46.8.35.129,True
papain.uz,176.57.209.236,False
parents.uz,46.8.35.129,True
parker.uz,62.209.128.113,True
parking.uz,72.52.4.91,False
parking.uz,72.52.4.91,False
parents.uz,46.8.35.129,True
parents.uz,46.8.35.129,True
parker.uz,62.209.128.113,True
parking.uz,72.52.4.91,False
papers.uz,83.69.139.168,True
papers.uz,83.69.139.168,True
papain.uz,176.57.209.236,False
para.uz,82.215.71.202,True
parents.uz,46.8.35.129,True
parents.uz,46.8.35.129,True
parents.uz,46.8.35.129,True
parents.uz,46.8.35.129,True
parents.uz,46.8.35.129,True
parents.uz,46.8.35.129,True
parents.uz,46.8.35.129,True
parking.uz,72.52.4.91,False
parker.uz,62.209.128.113,True
parking.uz,72.52.4.91,False
parking.uz,72.52.4.91,False
parker.uz,62.209.128.113,True
parking.uz,72.52.4.91,False
parking.uz,72.52.4.91,False
parking.uz,72.52.4.91,False
parker.uz,62.209.128.113,True
parking.uz,72.52.4.91,False
parking.uz,72.52.4.91,False
parents.uz,46.8.35.129,True
parker.uz,62.209.128.113,True
patents.uz,78.140.185.225,False
patents.uz,78.140.185.225,False
patents.uz,78.140.185.225,False
patents.uz,78.140.185.225,False
patents.uz,78.140.185.225,False
patents.uz,78.140.185.225,False
patents.uz,78.140.185.225,False
patents.uz,78.140.185.225,False
patents.uz,78.140.185.225,False
patents.uz,78.140.185.225,False
patents.uz,78.140.185.225,False
patents.uz,78.140.185.225,False
patents.uz,78.140.185.225,False
patents.uz,78.140.185.225,False
patents.uz,78.140.185.225,False
patents.uz,78.140.185.225,False
pages.uz,31.22.4.69,False
pages.uz,31.22.4.69,False
pages.uz,31.22.4.69,False
pages.uz,31.22.4.69,False
papain.uz,176.57.209.236,False
papain.uz,176.57.209.236,False
papain.uz,176.57.209.236,False
papain.uz,176.57.209.236,False
papers.uz,83.69.139.168,True
papers.uz,83.69.139.168,True
papers.uz,83.69.139.168,True
papain.uz,176.57.209.236,False
papain.uz,176.57.209.236,False
papers.uz,83.69.139.168,True
papain.uz,176.57.209.236,False
papers.uz,83.69.139.168,True
papain.uz,176.57.209.236,False
papers.uz,83.69.139.168,True
papers.uz,83.69.139.168,True
papers.uz,83.69.139.168,True
para.uz,82.215.71.202,True
parents.uz,46.8.35.129,True
parents.uz,46.8.35.129,True
parents.uz,46.8.35.129,True
parking.uz,72.52.4.91,False
parking.uz,72.52.4.91,False
parking.uz,72.52.4.91,False
parking.uz,72.52.4.91,False
parker.uz,62.209.128.113,True
parents.uz,46.8.35.129,True
parents.uz,46.8.35.129,True
parents.uz,46.8.35.129,True
parents.uz,46.8.35.129,True
parker.uz,62.209.128.113,True
parker.uz,62.209.128.113,True
parents.uz,46.8.35.129,True
parking.uz,72.52.4.91,False
parking.uz,72.52.4.91,False
parking.uz,72.52.4.91,False
parker.uz,62.209.128.113,True
parking.uz,72.52.4.91,False
para.uz,82.215.71.202,True
parents.uz,46.8.35.129,True
parents.uz,46.8.35.129,True
parents.uz,46.8.35.129,True
parker.uz,62.209.128.113,True
parking.uz,72.52.4.91,False
parking.uz,72.52.4.91,False
parents.uz,46.8.35.129,True
parents.uz,46.8.35.129,True
parents.uz,46.8.35.129,True
parking.uz,72.52.4.91,False
parents.uz,46.8.35.129,True
parking.uz,72.52.4.91,False
parking.uz,72.52.4.91,False
parker.uz,62.209.128.113,True
parking.uz,72.52.4.91,False
parking.uz,72.52.4.91,False
parker.uz,62.209.128.113,True
parents.uz,46.8.35.129,True
papaya.uz,91.212.89.68,True
parker.uz,62.209.128.113,True
parking.uz,72.52.4.91,False
papaya.uz,91.212.89.68,True
patents.uz,78.140.185.225,False
patents.uz,78.140.185.225,False
patents.uz,78.140.185.225,False
patents.uz,78.140.185.225,False
patents.uz,78.140.185.225,False
patents.uz,78.140.185.225,False
patents.uz,78.140.185.225,False
patents.uz,78.140.185.225,False
patents.uz,78.140.185.225,False
patents.uz,78.140.185.225,False
patents.uz,78.140.185.225,False
patents.uz,78.140.185.225,False
patents.uz,78.140.185.225,False
patents.uz,78.140.185.225,False
patents.uz,78.140.185.225,False
patents.uz,78.140.185.225,False
pedagog.uz,192.64.147.181,False
pedagog.uz,192.64.147.181,False
pedagog.uz,192.64.147.181,False
pedagog.uz,192.64.147.181,False
pedagog.uz,192.64.147.181,False
pedagog.uz,192.64.147.181,False
pedagog.uz,192.64.147.181,False
pedagog.uz,192.64.147.181,False
pedagog.uz,192.64.147.181,False
pedagog.uz,192.64.147.181,False
pedagog.uz,192.64.147.181,False
pedagog.uz,192.64.147.181,False
pedagog.uz,192.64.147.181,False
pedagog.uz,192.64.147.181,False
pedagog.uz,192.64.147.181,False
pedagog.uz,192.64.147.181,False
pekin.uz,83.69.230.64,False
pekin.uz,83.69.230.64,False
pekin.uz,83.69.230.64,False
pekin.uz,83.69.230.64,False
pedagog.uz,192.64.147.181,False
pedagog.uz,192.64.147.181,False
pedagog.uz,192.64.147.181,False
pedagog.uz,192.64.147.181,False
pedagog.uz,192.64.147.181,False
pedagog.uz,192.64.147.181,False
pedagog.uz,192.64.147.181,False
pedagog.uz,192.64.147.181,False
pedagog.uz,192.64.147.181,False
pedagog.uz,192.64.147.181,False
pedagog.uz,192.64.147.181,False
pedagog.uz,192.64.147.181,False
pedagog.uz,192.64.147.181,False
pedagog.uz,192.64.147.181,False
pedagog.uz,192.64.147.181,False
pedagog.uz,192.64.147.181,False
pekin.uz,83.69.230.64,False
pekin.uz,83.69.230.64,False
pekin.uz,83.69.230.64,False
pekin.uz,83.69.230.64,False
pf.uz,198.91.81.3,False
pharm.uz,195.158.27.26,True
ph.uz,46.8.35.129,True
pg.uz,83.221.178.247,True
pharm.uz,195.158.27.26,True
pharm.uz,195.158.27.26,True
pharm.uz,195.158.27.26,True
php.uz,178.63.4.166,False
pharm.uz,195.158.27.26,True
pharm.uz,195.158.27.26,True
pharm.uz,195.158.27.26,True
pharm.uz,195.158.27.26,True
pi.uz,62.209.128.116,True
pix.uz,81.95.225.138,True
pix.uz,81.95.225.138,True
pk.uz,80.80.208.8,True
playboys.uz,80.80.208.11,True
playboys.uz,80.80.208.11,True
playboys.uz,80.80.208.11,True
playboys.uz,80.80.208.11,True
playboys.uz,80.80.208.11,True
playboys.uz,80.80.208.11,True
playboys.uz,80.80.208.11,True
playboys.uz,80.80.208.11,True
playboys.uz,80.80.208.11,True
playboys.uz,80.80.208.11,True
player.uz,80.80.208.36,True
player.uz,80.80.208.36,True
playboys.uz,80.80.208.11,True
player.uz,80.80.208.36,True
playboys.uz,80.80.208.11,True
playboys.uz,80.80.208.11,True
playboys.uz,80.80.208.11,True
playboys.uz,80.80.208.11,True
player.uz,80.80.208.36,True
playboys.uz,80.80.208.11,True
playboys.uz,80.80.208.11,True
playboys.uz,80.80.208.11,True
playboys.uz,80.80.208.11,True
playboys.uz,80.80.208.11,True
playboys.uz,80.80.208.11,True
player.uz,80.80.208.36,True
playboys.uz,80.80.208.11,True
playboys.uz,80.80.208.11,True
playboys.uz,80.80.208.11,True
playboys.uz,80.80.208.11,True
player.uz,80.80.208.36,True
playboys.uz,80.80.208.11,True
playboys.uz,80.80.208.11,True
player.uz,80.80.208.36,True
playboys.uz,80.80.208.11,True
playboys.uz,80.80.208.11,True
playboys.uz,80.80.208.11,True
playboys.uz,80.80.208.11,True
playboys.uz,80.80.208.11,True
player.uz,80.80.208.36,True
playboys.uz,80.80.208.11,True
playboys.uz,80.80.208.11,True
playboys.uz,80.80.208.11,True
playboys.uz,80.80.208.11,True
player.uz,80.80.208.36,True
playboys.uz,80.80.208.11,True
player.uz,80.80.208.36,True
playboys.uz,80.80.208.11,True
playboys.uz,80.80.208.11,True
playboys.uz,80.80.208.11,True
playboys.uz,80.80.208.11,True
playboys.uz,80.80.208.11,True
playboys.uz,80.80.208.11,True
player.uz,80.80.208.36,True
playboys.uz,80.80.208.11,True
playboys.uz,80.80.208.11,True
playboys.uz,80.80.208.11,True
player.uz,80.80.208.36,True
playboys.uz,80.80.208.11,True
playboys.uz,80.80.208.11,True
playboys.uz,80.80.208.11,True
playboys.uz,80.80.208.11,True
player.uz,80.80.208.36,True
playboys.uz,80.80.208.11,True
playboys.uz,80.80.208.11,True
player.uz,80.80.208.36,True
playboys.uz,80.80.208.11,True
playboys.uz,80.80.208.11,True
player.uz,80.80.208.36,True
playboys.uz,80.80.208.11,True
playboys.uz,80.80.208.11,True
playboys.uz,80.80.208.11,True
playboys.uz,80.80.208.11,True
playboys.uz,80.80.208.11,True
player.uz,80.80.208.36,True
playboys.uz,80.80.208.11,True
playboys.uz,80.80.208.11,True
playboys.uz,80.80.208.11,True
playboys.uz,80.80.208.11,True
playboys.uz,80.80.208.11,True
poker.uz,72.52.4.119,False
poker.uz,72.52.4.119,False
poker.uz,72.52.4.119,False
poker.uz,72.52.4.119,False
polit.uz,195.158.0.162,True
polit.uz,195.158.0.162,True
polit.uz,195.158.0.162,True
polit.uz,195.158.0.162,True
poker.uz,72.52.4.119,False
poker.uz,72.52.4.119,False
poker.uz,72.52.4.119,False
poker.uz,72.52.4.119,False
polit.uz,195.158.0.162,True
polit.uz,195.158.0.162,True
polit.uz,195.158.0.162,True
polit.uz,195.158.0.162,True
pq.uz,83.69.139.150,True
pr.uz,217.29.118.22,True
prices.uz,83.69.139.174,True
prices.uz,83.69.139.174,True
prices.uz,83.69.139.174,True
printing.uz,91.224.140.78,False
prices.uz,83.69.139.174,True
printing.uz,91.224.140.78,False
printing.uz,91.224.140.78,False
printing.uz,91.224.140.78,False
printing.uz,91.224.140.78,False
printing.uz,91.224.140.78,False
printing.uz,91.224.140.78,False
printing.uz,91.224.140.78,False
printing.uz,91.224.140.78,False
printing.uz,91.224.140.78,False
printing.uz,91.224.140.78,False
printing.uz,91.224.140.78,False
printing.uz,91.224.140.78,False
prices.uz,83.69.139.174,True
prices.uz,83.69.139.174,True
printing.uz,91.224.140.78,False
printing.uz,91.224.140.78,False
prices.uz,83.69.139.174,True
printing.uz,91.224.140.78,False
printing.uz,91.224.140.78,False
printing.uz,91.224.140.78,False
printing.uz,91.224.140.78,False
printing.uz,91.224.140.78,False
printing.uz,91.224.140.78,False
printing.uz,91.224.140.78,False
printing.uz,91.224.140.78,False
printing.uz,91.224.140.78,False
printing.uz,91.224.140.78,False
printing.uz,91.224.140.78,False
printing.uz,91.224.140.78,False
printing.uz,91.224.140.78,False
printing.uz,91.224.140.78,False
printing.uz,91.224.140.78,False
printing.uz,91.224.140.78,False
printing.uz,91.224.140.78,False
printer.uz,91.212.89.70,True
prices.uz,83.69.139.174,True
profiles.uz,46.8.35.129,True
profiles.uz,46.8.35.129,True
profiles.uz,46.8.35.129,True
profiles.uz,46.8.35.129,True
profiles.uz,46.8.35.129,True
prolong.uz,62.209.133.18,True
prolog.uz,46.29.2.50,False
profiles.uz,46.8.35.129,True
profiles.uz,46.8.35.129,True
profiles.uz,46.8.35.129,True
profiles.uz,46.8.35.129,True
profiles.uz,46.8.35.129,True
profiles.uz,46.8.35.129,True
profiles.uz,46.8.35.129,True
prolog.uz,46.29.2.50,False
profiles.uz,46.8.35.129,True
profiles.uz,46.8.35.129,True
profiles.uz,46.8.35.129,True
prolog.uz,46.29.2.50,False
prolog.uz,46.29.2.50,False
profiles.uz,46.8.35.129,True
profiles.uz,46.8.35.129,True
profiles.uz,46.8.35.129,True
profiles.uz,46.8.35.129,True
profiles.uz,46.8.35.129,True
profiles.uz,46.8.35.129,True
profiles.uz,46.8.35.129,True
profiles.uz,46.8.35.129,True
profiles.uz,46.8.35.129,True
profiles.uz,46.8.35.129,True
prolog.uz,46.29.2.50,False
profiles.uz,46.8.35.129,True
profiles.uz,46.8.35.129,True
profiles.uz,46.8.35.129,True
profiles.uz,46.8.35.129,True
prolog.uz,46.29.2.50,False
prolog.uz,46.29.2.50,False
prolog.uz,46.29.2.50,False
profiles.uz,46.8.35.129,True
promoter.uz,91.212.89.100,True
promoter.uz,91.212.89.100,True
promoter.uz,91.212.89.100,True
provider.uz,91.212.89.70,True
projects.uz,185.8.212.91,True
projects.uz,185.8.212.91,True
projects.uz,185.8.212.91,True
projects.uz,185.8.212.91,True
projects.uz,185.8.212.91,True
projects.uz,185.8.212.91,True
provider.uz,91.212.89.70,True
projects.uz,185.8.212.91,True
promoter.uz,91.212.89.100,True
projects.uz,185.8.212.91,True
promoter.uz,91.212.89.100,True
projects.uz,185.8.212.91,True
projects.uz,185.8.212.91,True
projects.uz,185.8.212.91,True
promoter.uz,91.212.89.100,True
profiles.uz,46.8.35.129,True
promoter.uz,91.212.89.100,True
provider.uz,91.212.89.70,True
promoter.uz,91.212.89.100,True
promoter.uz,91.212.89.100,True
profiles.uz,46.8.35.129,True
projects.uz,185.8.212.91,True
provider.uz,91.212.89.70,True
provider.uz,91.212.89.70,True
provider.uz,91.212.89.70,True
provider.uz,91.212.89.70,True
promoter.uz,91.212.89.100,True
promoter.uz,91.212.89.100,True
provider.uz,91.212.89.70,True
projects.uz,185.8.212.91,True
provider.uz,91.212.89.70,True
provider.uz,91.212.89.70,True
projects.uz,185.8.212.91,True
provider.uz,91.212.89.70,True
prices.uz,83.69.139.174,True
prices.uz,83.69.139.174,True
prices.uz,83.69.139.174,True
printing.uz,91.224.140.78,False
printing.uz,91.224.140.78,False
printing.uz,91.224.140.78,False
printing.uz,91.224.140.78,False
printing.uz,91.224.140.78,False
printing.uz,91.224.140.78,False
printing.uz,91.224.140.78,False
printing.uz,91.224.140.78,False
printing.uz,91.224.140.78,False
printing.uz,91.224.140.78,False
printing.uz,91.224.140.78,False
printing.uz,91.224.140.78,False
printing.uz,91.224.140.78,False
prices.uz,83.69.139.174,True
prices.uz,83.69.139.174,True
printing.uz,91.224.140.78,False
prices.uz,83.69.139.174,True
prices.uz,83.69.139.174,True
prices.uz,83.69.139.174,True
printing.uz,91.224.140.78,False
printing.uz,91.224.140.78,False
printing.uz,91.224.140.78,False
printing.uz,91.224.140.78,False
printing.uz,91.224.140.78,False
printing.uz,91.224.140.78,False
printing.uz,91.224.140.78,False
printing.uz,91.224.140.78,False
printing.uz,91.224.140.78,False
printing.uz,91.224.140.78,False
printing.uz,91.224.140.78,False
printing.uz,91.224.140.78,False
printing.uz,91.224.140.78,False
printing.uz,91.224.140.78,False
printing.uz,91.224.140.78,False
printing.uz,91.224.140.78,False
printing.uz,91.224.140.78,False
printing.uz,91.224.140.78,False
profiles.uz,46.8.35.129,True
profiles.uz,46.8.35.129,True
profiles.uz,46.8.35.129,True
profiles.uz,46.8.35.129,True
profiles.uz,46.8.35.129,True
profiles.uz,46.8.35.129,True
profiles.uz,46.8.35.129,True
profiles.uz,46.8.35.129,True
projects.uz,185.8.212.91,True
prolog.uz,46.29.2.50,False
printer.uz,91.212.89.70,True
printer.uz,91.212.89.70,True
prolog.uz,46.29.2.50,False
profiles.uz,46.8.35.129,True
profiles.uz,46.8.35.129,True
profiles.uz,46.8.35.129,True
profiles.uz,46.8.35.129,True
profiles.uz,46.8.35.129,True
profiles.uz,46.8.35.129,True
profiles.uz,46.8.35.129,True
promoter.uz,91.212.89.100,True
projects.uz,185.8.212.91,True
projects.uz,185.8.212.91,True
prolog.uz,46.29.2.50,False
profiles.uz,46.8.35.129,True
promoter.uz,91.212.89.100,True
prolog.uz,46.29.2.50,False
profiles.uz,46.8.35.129,True
profiles.uz,46.8.35.129,True
profiles.uz,46.8.35.129,True
profiles.uz,46.8.35.129,True
profiles.uz,46.8.35.129,True
profiles.uz,46.8.35.129,True
profiles.uz,46.8.35.129,True
prolog.uz,46.29.2.50,False
prolog.uz,46.29.2.50,False
profiles.uz,46.8.35.129,True
profiles.uz,46.8.35.129,True
profiles.uz,46.8.35.129,True
prolog.uz,46.29.2.50,False
profiles.uz,46.8.35.129,True
profiles.uz,46.8.35.129,True
profiles.uz,46.8.35.129,True
profiles.uz,46.8.35.129,True
profiles.uz,46.8.35.129,True
prolog.uz,46.29.2.50,False
provider.uz,91.212.89.70,True
projects.uz,185.8.212.91,True
profiles.uz,46.8.35.129,True
projects.uz,185.8.212.91,True
promoter.uz,91.212.89.100,True
promoter.uz,91.212.89.100,True
promoter.uz,91.212.89.100,True
promoter.uz,91.212.89.100,True
promoter.uz,91.212.89.100,True
promoter.uz,91.212.89.100,True
promoter.uz,91.212.89.100,True
projects.uz,185.8.212.91,True
provider.uz,91.212.89.70,True
promoter.uz,91.212.89.100,True
promoter.uz,91.212.89.100,True
promoter.uz,91.212.89.100,True
provider.uz,91.212.89.70,True
projects.uz,185.8.212.91,True
promoter.uz,91.212.89.100,True
pts.uz,91.203.172.2,True
pt.uz,62.209.128.113,True
promoter.uz,91.212.89.100,True
pts.uz,91.203.172.2,True
promoter.uz,91.212.89.100,True
promoter.uz,91.212.89.100,True
promoter.uz,91.212.89.100,True
promoter.uz,91.212.89.100,True
pupa.uz,195.110.124.133,False
pupa.uz,195.110.124.133,False
provider.uz,91.212.89.70,True
provider.uz,91.212.89.70,True
provider.uz,91.212.89.70,True
pupa.uz,195.110.124.133,False
pupa.uz,195.110.124.133,False
pv.uz,195.158.0.162,True
pw.uz,173.254.28.54,False
p\2.uz,91.188.128.21,True
pa.uz,217.29.116.176,True
pages.uz,31.22.4.69,False
pages.uz,31.22.4.69,False
pages.uz,31.22.4.69,False
pages.uz,31.22.4.69,False
papain.uz,176.57.209.236,False
papain.uz,176.57.209.236,False
papers.uz,83.69.139.168,True
papain.uz,176.57.209.236,False
papain.uz,176.57.209.236,False
papain.uz,176.57.209.236,False
papers.uz,83.69.139.168,True
papers.uz,83.69.139.168,True
papers.uz,83.69.139.168,True
papain.uz,176.57.209.236,False
papain.uz,176.57.209.236,False
papers.uz,83.69.139.168,True
para.uz,82.215.71.202,True
papers.uz,83.69.139.168,True
papers.uz,83.69.139.168,True
papers.uz,83.69.139.168,True
papain.uz,176.57.209.236,False
parents.uz,46.8.35.129,True
parents.uz,46.8.35.129,True
parents.uz,46.8.35.129,True
parents.uz,46.8.35.129,True
parking.uz,72.52.4.91,False
parking.uz,72.52.4.91,False
parking.uz,72.52.4.91,False
parking.uz,72.52.4.91,False
parking.uz,72.52.4.91,False
parents.uz,46.8.35.129,True
parents.uz,46.8.35.129,True
parking.uz,72.52.4.91,False
parker.uz,62.209.128.113,True
parker.uz,62.209.128.113,True
parking.uz,72.52.4.91,False
parents.uz,46.8.35.129,True
papaya.uz,91.212.89.68,True
papaya.uz,91.212.89.68,True
parker.uz,62.209.128.113,True
papaya.uz,91.212.89.68,True
papaya.uz,91.212.89.68,True
parking.uz,72.52.4.91,False
parker.uz,62.209.128.113,True
parents.uz,46.8.35.129,True
parents.uz,46.8.35.129,True
parents.uz,46.8.35.129,True
parents.uz,46.8.35.129,True
parents.uz,46.8.35.129,True
parents.uz,46.8.35.129,True
parents.uz,46.8.35.129,True
parker.uz,62.209.128.113,True
parking.uz,72.52.4.91,False
parker.uz,62.209.128.113,True
parking.uz,72.52.4.91,False
parking.uz,72.52.4.91,False
parking.uz,72.52.4.91,False
parking.uz,72.52.4.91,False
parents.uz,46.8.35.129,True
parking.uz,72.52.4.91,False
parker.uz,62.209.128.113,True
parking.uz,72.52.4.91,False
parking.uz,72.52.4.91,False
parker.uz,62.209.128.113,True
para.uz,82.215.71.202,True
parents.uz,46.8.35.129,True
patents.uz,78.140.185.225,False
patents.uz,78.140.185.225,False
patents.uz,78.140.185.225,False
patents.uz,78.140.185.225,False
patents.uz,78.140.185.225,False
patents.uz,78.140.185.225,False
patents.uz,78.140.185.225,False
patents.uz,78.140.185.225,False
patents.uz,78.140.185.225,False
patents.uz,78.140.185.225,False
patents.uz,78.140.185.225,False
patents.uz,78.140.185.225,False
patents.uz,78.140.185.225,False
patents.uz,78.140.185.225,False
patents.uz,78.140.185.225,False
patents.uz,78.140.185.225,False
pay.uz,216.14.208.157,False
paa.uz,62.209.128.102,True
papaya.uz,91.212.89.68,True
pack.uz,37.187.146.46,False
pages.uz,31.22.4.69,False
pages.uz,31.22.4.69,False
pages.uz,31.22.4.69,False
pages.uz,31.22.4.69,False
page.uz,92.53.114.87,False
pagoda.uz,192.64.147.181,False
paintball.uz,217.12.82.36,True
pair.uz,66.240.194.139,False
paketi.uz,178.159.250.7,False
palata.uz,83.69.139.168,True
palatka.uz,91.212.89.68,True
palmera.uz,69.73.145.194,False
palov.uz,62.152.86.140,False
panasonic.uz,148.251.11.180,False
panda.uz,91.212.89.7,True
panel.uz,188.132.179.34,False
panorama.uz,91.212.89.70,True
pantum.uz,66.240.194.139,False
papers.uz,83.69.139.168,True
papain.uz,176.57.209.236,False
papain.uz,176.57.209.236,False
papers.uz,83.69.139.168,True
papain.uz,176.57.209.236,False
papain.uz,176.57.209.236,False
papain.uz,176.57.209.236,False
papain.uz,176.57.209.236,False
papers.uz,83.69.139.168,True
papers.uz,83.69.139.168,True
papaya.uz,91.212.89.68,True
papain.uz,176.57.209.236,False
papain.uz,176.57.209.236,False
papaya.uz,91.212.89.68,True
papaya.uz,91.212.89.68,True
papers.uz,83.69.139.168,True
papers.uz,83.69.139.168,True
papers.uz,83.69.139.168,True
papers.uz,83.69.139.168,True
paperworld.uz,62.209.128.113,True
papaya.uz,91.212.89.68,True
papaya.uz,91.212.89.68,True
para.uz,82.215.71.202,True
parents.uz,46.8.35.129,True
parents.uz,46.8.35.129,True
parents.uz,46.8.35.129,True
parents.uz,46.8.35.129,True
parents.uz,46.8.35.129,True
parker.uz,62.209.128.113,True
parking.uz,72.52.4.91,False
parking.uz,72.52.4.91,False
parking.uz,72.52.4.91,False
parking.uz,72.52.4.91,False
parking.uz,72.52.4.91,False
parker.uz,62.209.128.113,True
parker.uz,62.209.128.113,True
parking.uz,72.52.4.91,False
parents.uz,46.8.35.129,True
parents.uz,46.8.35.129,True
parker.uz,62.209.128.113,True
parents.uz,46.8.35.129,True
parking.uz,72.52.4.91,False
parking.uz,72.52.4.91,False
para.uz,82.215.71.202,True
paparazzi.uz,185.8.212.113,True
paradiz.uz,91.212.89.100,True
parallels.uz,217.29.118.180,True
parents.uz,46.8.35.129,True
parents.uz,46.8.35.129,True
parents.uz,46.8.35.129,True
parents.uz,46.8.35.129,True
parents.uz,46.8.35.129,True
parents.uz,46.8.35.129,True
parents.uz,46.8.35.129,True
parents.uz,46.8.35.129,True
parfum.uz,91.212.89.68,True
paris.uz,193.232.158.145,False
parker.uz,62.209.128.113,True
parker.uz,62.209.128.113,True
parking.uz,72.52.4.91,False
parking.uz,72.52.4.91,False
parking.uz,72.52.4.91,False
parker.uz,62.209.128.113,True
parker.uz,62.209.128.113,True
parking.uz,72.52.4.91,False
parizod.uz,91.212.180.198,True
parket.uz,83.69.129.17,True
parking.uz,72.52.4.91,False
parking.uz,72.52.4.91,False
parking.uz,72.52.4.91,False
parking.uz,72.52.4.91,False
parnas.uz,91.212.89.100,True
parol.uz,195.158.12.77,True
parranda.uz,62.209.133.18,True
parter.uz,62.209.133.18,True
pasado.uz,176.74.217.227,False
paseka.uz,108.167.140.73,False
paspartu.uz,62.109.30.145,False
pasquale.uz,62.209.128.37,True
passport.uz,91.212.89.41,True
patents.uz,78.140.185.225,False
patents.uz,78.140.185.225,False
patents.uz,78.140.185.225,False
patents.uz,78.140.185.225,False
patents.uz,78.140.185.225,False
patents.uz,78.140.185.225,False
patents.uz,78.140.185.225,False
patents.uz,78.140.185.225,False
patents.uz,78.140.185.225,False
patents.uz,78.140.185.225,False
patents.uz,78.140.185.225,False
patents.uz,78.140.185.225,False
patents.uz,78.140.185.225,False
patents.uz,78.140.185.225,False
patent.uz,91.212.89.99,True
patents.uz,78.140.185.225,False
patents.uz,78.140.185.225,False
patriot.uz,5.9.18.110,False
pava.uz,62.209.128.102,True
pavilion.uz,62.209.128.102,True
pay.uz,216.14.208.157,False
paycom.uz,195.158.31.36,True
paynet.uz,46.8.35.129,True
paypal.uz,72.52.10.14,False
pbox.uz,83.69.139.151,True
pc.uz,91.212.89.70,True
pbs.uz,62.209.128.102,True
pca.uz,78.110.50.145,False
pcl.uz,62.209.128.102,True
pcu.uz,80.80.208.8,True
pda.uz,91.212.89.68,True
pdh.uz,91.212.89.100,True
pdg.uz,46.8.35.129,True
pedagog.uz,192.64.147.181,False
pedagog.uz,192.64.147.181,False
pedagog.uz,192.64.147.181,False
pedagog.uz,192.64.147.181,False
pedagog.uz,192.64.147.181,False
pedagog.uz,192.64.147.181,False
pedagog.uz,192.64.147.181,False
pedagog.uz,192.64.147.181,False
pedagog.uz,192.64.147.181,False
pedagog.uz,192.64.147.181,False
pedagog.uz,192.64.147.181,False
pedagog.uz,192.64.147.181,False
pedagog.uz,192.64.147.181,False
pedagog.uz,192.64.147.181,False
pedagog.uz,192.64.147.181,False
pedagog.uz,192.64.147.181,False
pekin.uz,83.69.230.64,False
pekin.uz,83.69.230.64,False
pekin.uz,83.69.230.64,False
pekin.uz,83.69.230.64,False
pedagog.uz,192.64.147.181,False
pedagog.uz,192.64.147.181,False
pedagog.uz,192.64.147.181,False
pedagog.uz,192.64.147.181,False
pedagog.uz,192.64.147.181,False
pedagog.uz,192.64.147.181,False
pedagog.uz,192.64.147.181,False
pedagog.uz,192.64.147.181,False
pedagog.uz,192.64.147.181,False
pedagog.uz,192.64.147.181,False
pedagog.uz,192.64.147.181,False
pedagog.uz,192.64.147.181,False
pedagog.uz,192.64.147.181,False
pedagog.uz,192.64.147.181,False
pedagogika.uz,91.212.89.100,True
pedagog.uz,192.64.147.181,False
pedagog.uz,192.64.147.181,False
pegas.uz,62.209.133.18,True
pekin.uz,83.69.230.64,False
pekin.uz,83.69.230.64,False
pekin.uz,83.69.230.64,False
pekin.uz,83.69.230.64,False
pekarni.uz,46.8.35.129,True
penalti.uz,50.22.11.21,False
people.uz,195.216.243.241,False
pepsico.uz,217.29.126.198,True
peramore.uz,69.73.145.194,False
perfect.uz,83.69.139.168,True
perfume.uz,91.212.89.68,True
perilla.uz,83.69.139.151,True
periodika.uz,83.69.139.160,True
persona.uz,83.69.139.168,True
perspektiva.uz,46.8.35.129,True
pet.uz,46.8.35.129,True
pf.uz,198.91.81.3,False
pfl.uz,80.80.208.8,True
pfuz.uz,91.212.89.99,True
pg.uz,83.221.178.247,True
pgd.uz,178.63.4.166,False
pft.uz,62.128.1.80,False
ph.uz,46.8.35.129,True
pgs.uz,69.73.145.194,False
pharm.uz,195.158.27.26,True
pharm.uz,195.158.27.26,True
pharm.uz,195.158.27.26,True
pharm.uz,195.158.27.26,True
pharm.uz,195.158.27.26,True
pharm.uz,195.158.27.26,True
pharm.uz,195.158.27.26,True
pharm.uz,195.158.27.26,True
pharmed.uz,91.188.128.21,True
philipmorris.uz,165.160.15.20,False
philipmorris.uz,165.160.15.20,False
philips.uz,161.88.243.124,False
phone.uz,91.212.89.68,True
photo.uz,188.121.60.133,False
photoart.uz,69.163.146.185,False
photoalbum.uz,176.9.144.25,False
photoprint.uz,217.29.116.176,True
photovideo.uz,209.17.120.1,False
photovoltaics.uz,46.8.35.130,True
php.uz,178.63.4.166,False
pi.uz,62.209.128.116,True
pix.uz,81.95.225.138,True
pickup.uz,46.38.56.98,False
pickwick.uz,165.160.15.20,False
pikachu.uz,205.166.76.53,False
piligrim.uz,193.169.189.241,False
pimkie.uz,165.160.13.20,False
pin.uz,216.14.208.157,False
ping.uz,80.80.208.8,True
pip.uz,91.212.89.68,True
pipe.uz,5.9.18.110,False
pipo.uz,89.184.76.197,False
pistachio.uz,62.209.128.102,True
pitstop.uz,5.101.153.92,False
pitu.uz,212.20.161.59,False
pix.uz,81.95.225.138,True
pixelcraft.uz,176.57.209.123,False
pizza.uz,72.34.48.156,False
pizzaplanet.uz,62.209.133.18,True
pk.uz,80.80.208.8,True
pkf.uz,69.73.145.194,False
pki.uz,91.212.89.100,True
pks.uz,31.31.201.125,False
playboys.uz,80.80.208.11,True
playboys.uz,80.80.208.11,True
playboys.uz,80.80.208.11,True
playboys.uz,80.80.208.11,True
player.uz,80.80.208.36,True
playboys.uz,80.80.208.11,True
playboys.uz,80.80.208.11,True
playboys.uz,80.80.208.11,True
playboys.uz,80.80.208.11,True
playboys.uz,80.80.208.11,True
playboys.uz,80.80.208.11,True
player.uz,80.80.208.36,True
playboys.uz,80.80.208.11,True
playboys.uz,80.80.208.11,True
playboys.uz,80.80.208.11,True
player.uz,80.80.208.36,True
player.uz,80.80.208.36,True
playboys.uz,80.80.208.11,True
playboys.uz,80.80.208.11,True
playboys.uz,80.80.208.11,True
playboys.uz,80.80.208.11,True
player.uz,80.80.208.36,True
playboys.uz,80.80.208.11,True
playboys.uz,80.80.208.11,True
playboys.uz,80.80.208.11,True
player.uz,80.80.208.36,True
playboys.uz,80.80.208.11,True
playboys.uz,80.80.208.11,True
playboys.uz,80.80.208.11,True
playboys.uz,80.80.208.11,True
playboys.uz,80.80.208.11,True
playboys.uz,80.80.208.11,True
playboys.uz,80.80.208.11,True
player.uz,80.80.208.36,True
playboys.uz,80.80.208.11,True
playboys.uz,80.80.208.11,True
playboys.uz,80.80.208.11,True
playboys.uz,80.80.208.11,True
playboys.uz,80.80.208.11,True
player.uz,80.80.208.36,True
playboys.uz,80.80.208.11,True
playboys.uz,80.80.208.11,True
player.uz,80.80.208.36,True
playboys.uz,80.80.208.11,True
playboys.uz,80.80.208.11,True
playboys.uz,80.80.208.11,True
playboys.uz,80.80.208.11,True
playboys.uz,80.80.208.11,True
playboys.uz,80.80.208.11,True
player.uz,80.80.208.36,True
player.uz,80.80.208.36,True
playboys.uz,80.80.208.11,True
playboys.uz,80.80.208.11,True
playboys.uz,80.80.208.11,True
playboys.uz,80.80.208.11,True
player.uz,80.80.208.36,True
playboys.uz,80.80.208.11,True
playboys.uz,80.80.208.11,True
playboys.uz,80.80.208.11,True
playboys.uz,80.80.208.11,True
plan.uz,91.219.194.2,False
planet.uz,91.212.89.157,True
planeta.uz,91.212.89.100,True
plastex.uz,5.9.18.110,False
plati.uz,193.161.85.10,False
platinum.uz,82.215.65.202,True
playboys.uz,80.80.208.11,True
playboys.uz,80.80.208.11,True
playboys.uz,80.80.208.11,True
playboys.uz,80.80.208.11,True
playboys.uz,80.80.208.11,True
player.uz,80.80.208.36,True
playboys.uz,80.80.208.11,True
playboys.uz,80.80.208.11,True
playboys.uz,80.80.208.11,True
player.uz,80.80.208.36,True
playboys.uz,80.80.208.11,True
playboys.uz,80.80.208.11,True
playboys.uz,80.80.208.11,True
playboys.uz,80.80.208.11,True
playboys.uz,80.80.208.11,True
playboys.uz,80.80.208.11,True
playboys.uz,80.80.208.11,True
playboys.uz,80.80.208.11,True
player.uz,80.80.208.36,True
player.uz,80.80.208.36,True
playground.uz,83.221.178.247,True
playmarket.uz,217.29.116.177,True
playmobil.uz,91.196.76.190,True
playstation.uz,91.212.89.100,True
plaza.uz,173.236.158.200,False
plenka.uz,83.69.139.168,True
plesk.uz,188.226.221.48,False
plex.uz,82.215.67.2,True
plh.uz,178.20.157.16,False
plint.uz,83.69.139.151,True
plitka.uz,46.8.35.129,True
plitki.uz,62.209.133.18,True
plk.uz,178.159.250.10,False
plomba.uz,62.209.133.18,True
plov.uz,194.28.172.198,False
plp.uz,91.212.89.100,True
plug.uz,217.29.112.217,True
plug.uz,217.29.112.217,True
plus.uz,78.47.142.188,False
plusminus.uz,46.8.35.129,True
pmp.uz,62.209.128.113,True
pnb.uz,80.80.208.8,True
pnk.uz,178.159.250.7,False
poi.uz,69.195.124.98,False
poker.uz,72.52.4.119,False
poker.uz,72.52.4.119,False
poker.uz,72.52.4.119,False
poker.uz,72.52.4.119,False
polit.uz,195.158.0.162,True
polit.uz,195.158.0.162,True
polit.uz,195.158.0.162,True
polit.uz,195.158.0.162,True
pop.uz,217.29.116.200,True
pos.uz,91.212.89.7,True
pochta.uz,84.54.74.198,True
podarki.uz,89.111.178.161,False
podium.uz,198.105.222.127,False
podpiska.uz,91.212.89.70,True
podrobno.uz,134.0.113.241,False
pogoda.uz,178.63.4.166,False
poi.uz,69.195.124.98,False
point.uz,91.212.89.68,True
poker.uz,72.52.4.119,False
poker.uz,72.52.4.119,False
pokemon.uz,205.166.76.53,False
poker.uz,72.52.4.119,False
poker.uz,72.52.4.119,False
pokolenie.uz,94.250.248.155,False
polit.uz,195.158.0.162,True
polit.uz,195.158.0.162,True
poletim.uz,195.158.12.76,True
police.uz,72.52.4.119,False
polit.uz,195.158.0.162,True
poliklinika.uz,217.29.118.22,True
polimer.uz,83.69.139.151,True
polis.uz,195.158.12.76,True
polit.uz,195.158.0.162,True
polito.uz,91.212.89.100,True
polyglot.uz,50.87.100.245,False
polymedia.uz,89.249.22.202,False
polysept.uz,198.50.211.3,False
pomellato.uz,195.110.124.133,False
pomidor.uz,91.212.180.198,True
pontifex.uz,93.104.209.173,False
ponyexpress.uz,46.8.35.129,True
pop.uz,217.29.116.200,True
pop3.uz,217.29.116.200,True
popcorn.uz,178.218.201.252,True
popkorn.uz,46.8.35.129,True
port.uz,81.177.139.245,False
portal.uz,91.212.89.70,True
portfolio.uz,31.220.16.197,False
portnoy.uz,5.9.18.110,False
pos.uz,91.212.89.7,True
positive.uz,217.12.82.36,True
postini.uz,173.194.38.98,False
potreb.uz,91.212.89.100,True
ppq.uz,81.177.141.33,False
pr.uz,217.29.118.22,True
pq.uz,83.69.139.150,True
prices.uz,83.69.139.174,True
prices.uz,83.69.139.174,True
prices.uz,83.69.139.174,True
prices.uz,83.69.139.174,True
printer.uz,91.212.89.70,True
printing.uz,91.224.140.78,False
printer.uz,91.212.89.70,True
printing.uz,91.224.140.78,False
printing.uz,91.224.140.78,False
printing.uz,91.224.140.78,False
printing.uz,91.224.140.78,False
printing.uz,91.224.140.78,False
printing.uz,91.224.140.78,False
printer.uz,91.212.89.70,True
printing.uz,91.224.140.78,False
printing.uz,91.224.140.78,False
printing.uz,91.224.140.78,False
printer.uz,91.212.89.70,True
printer.uz,91.212.89.70,True
printer.uz,91.212.89.70,True
printing.uz,91.224.140.78,False
prices.uz,83.69.139.174,True
prices.uz,83.69.139.174,True
printing.uz,91.224.140.78,False
printing.uz,91.224.140.78,False
prices.uz,83.69.139.174,True
printer.uz,91.212.89.70,True
printing.uz,91.224.140.78,False
prices.uz,83.69.139.174,True
printer.uz,91.212.89.70,True
printing.uz,91.224.140.78,False
printing.uz,91.224.140.78,False
printing.uz,91.224.140.78,False
printer.uz,91.212.89.70,True
printer.uz,91.212.89.70,True
printing.uz,91.224.140.78,False
printing.uz,91.224.140.78,False
printing.uz,91.224.140.78,False
printing.uz,91.224.140.78,False
printer.uz,91.212.89.70,True
printing.uz,91.224.140.78,False
printing.uz,91.224.140.78,False
print.uz,91.212.89.70,True
printing.uz,91.224.140.78,False
printing.uz,91.224.140.78,False
printing.uz,91.224.140.78,False
printing.uz,91.224.140.78,False
printer.uz,91.212.89.70,True
printer.uz,91.212.89.70,True
printing.uz,91.224.140.78,False
printing.uz,91.224.140.78,False
printing.uz,91.224.140.78,False
printer.uz,91.212.89.70,True
profiles.uz,46.8.35.129,True
profiles.uz,46.8.35.129,True
profiles.uz,46.8.35.129,True
profiles.uz,46.8.35.129,True
profiles.uz,46.8.35.129,True
profiles.uz,46.8.35.129,True
profiles.uz,46.8.35.129,True
printing.uz,91.224.140.78,False
profiles.uz,46.8.35.129,True
projects.uz,185.8.212.91,True
projects.uz,185.8.212.91,True
projects.uz,185.8.212.91,True
projects.uz,185.8.212.91,True
projects.uz,185.8.212.91,True
projects.uz,185.8.212.91,True
prolog.uz,46.29.2.50,False
prolog.uz,46.29.2.50,False
projects.uz,185.8.212.91,True
promoter.uz,91.212.89.100,True
profiles.uz,46.8.35.129,True
projects.uz,185.8.212.91,True
projects.uz,185.8.212.91,True
promoter.uz,91.212.89.100,True
projects.uz,185.8.212.91,True
projects.uz,185.8.212.91,True
prolog.uz,46.29.2.50,False
promoter.uz,91.212.89.100,True
promoter.uz,91.212.89.100,True
promoter.uz,91.212.89.100,True
promoter.uz,91.212.89.100,True
promoter.uz,91.212.89.100,True
profiles.uz,46.8.35.129,True
profiles.uz,46.8.35.129,True
promoter.uz,91.212.89.100,True
profiles.uz,46.8.35.129,True
profiles.uz,46.8.35.129,True
profiles.uz,46.8.35.129,True
promoter.uz,91.212.89.100,True
projects.uz,185.8.212.91,True
profiles.uz,46.8.35.129,True
promoter.uz,91.212.89.100,True
projects.uz,185.8.212.91,True
promoter.uz,91.212.89.100,True
projects.uz,185.8.212.91,True
printing.uz,91.224.140.78,False
printer.uz,91.212.89.70,True
promoter.uz,91.212.89.100,True
projects.uz,185.8.212.91,True
prolog.uz,46.29.2.50,False
promoter.uz,91.212.89.100,True
promoter.uz,91.212.89.100,True
printer.uz,91.212.89.70,True
provider.uz,91.212.89.70,True
provider.uz,91.212.89.70,True
provider.uz,91.212.89.70,True
provider.uz,91.212.89.70,True
provider.uz,91.212.89.70,True
provider.uz,91.212.89.70,True
provider.uz,91.212.89.70,True
profiles.uz,46.8.35.129,True
provider.uz,91.212.89.70,True
provider.uz,91.212.89.70,True
provider.uz,91.212.89.70,True
provider.uz,91.212.89.70,True
projects.uz,185.8.212.91,True
promoter.uz,91.212.89.100,True
provider.uz,91.212.89.70,True
promoter.uz,91.212.89.100,True
profiles.uz,46.8.35.129,True
profiles.uz,46.8.35.129,True
profiles.uz,46.8.35.129,True
profiles.uz,46.8.35.129,True
profiles.uz,46.8.35.129,True
profiles.uz,46.8.35.129,True
profiles.uz,46.8.35.129,True
provider.uz,91.212.89.70,True
profiles.uz,46.8.35.129,True
profiles.uz,46.8.35.129,True
projects.uz,185.8.212.91,True
projects.uz,185.8.212.91,True
projects.uz,185.8.212.91,True
projects.uz,185.8.212.91,True
projects.uz,185.8.212.91,True
projects.uz,185.8.212.91,True
profiles.uz,46.8.35.129,True
profiles.uz,46.8.35.129,True
profiles.uz,46.8.35.129,True
prolog.uz,46.29.2.50,False
profiles.uz,46.8.35.129,True
prolog.uz,46.29.2.50,False
profiles.uz,46.8.35.129,True
projects.uz,185.8.212.91,True
promoter.uz,91.212.89.100,True
promoter.uz,91.212.89.100,True
promoter.uz,91.212.89.100,True
promoter.uz,91.212.89.100,True
promoter.uz,91.212.89.100,True
promoter.uz,91.212.89.100,True
projects.uz,185.8.212.91,True
projects.uz,185.8.212.91,True
provider.uz,91.212.89.70,True
promoter.uz,91.212.89.100,True
projects.uz,185.8.212.91,True
projects.uz,185.8.212.91,True
profiles.uz,46.8.35.129,True
projects.uz,185.8.212.91,True
promoter.uz,91.212.89.100,True
promoter.uz,91.212.89.100,True
projects.uz,185.8.212.91,True
promoter.uz,91.212.89.100,True
prolog.uz,46.29.2.50,False
projects.uz,185.8.212.91,True
promoter.uz,91.212.89.100,True
promoter.uz,91.212.89.100,True
promoter.uz,91.212.89.100,True
promoter.uz,91.212.89.100,True
provider.uz,91.212.89.70,True
promoter.uz,91.212.89.100,True
provider.uz,91.212.89.70,True
profiles.uz,46.8.35.129,True
provider.uz,91.212.89.70,True
provider.uz,91.212.89.70,True
provider.uz,91.212.89.70,True
provider.uz,91.212.89.70,True
provider.uz,91.212.89.70,True
provider.uz,91.212.89.70,True
projects.uz,185.8.212.91,True
provider.uz,91.212.89.70,True
provider.uz,91.212.89.70,True
provider.uz,91.212.89.70,True
prolog.uz,46.29.2.50,False
provider.uz,91.212.89.70,True
projects.uz,185.8.212.91,True
provider.uz,91.212.89.70,True
provider.uz,91.212.89.70,True
provider.uz,91.212.89.70,True
provider.uz,91.212.89.70,True
provider.uz,91.212.89.70,True
promoter.uz,91.212.89.100,True
provider.uz,91.212.89.70,True
pragma.uz,81.95.237.17,True
prava.uz,213.189.197.83,False
pravo.uz,62.209.154.226,True
premio.uz,204.74.99.100,False
premier.uz,185.8.212.113,True
present.uz,91.212.89.68,True
president.uz,91.212.89.40,True
pressa.uz,91.212.89.70,True
press-release.uz,83.69.139.168,True
press.uz,188.121.60.133,False
pretty.uz,178.218.200.71,True
prezident.uz,91.212.89.40,True
prg.uz,69.73.145.194,False
prices.uz,83.69.139.174,True
printer.uz,91.212.89.70,True
prices.uz,83.69.139.174,True
printer.uz,91.212.89.70,True
prices.uz,83.69.139.174,True
printing.uz,91.224.140.78,False
printing.uz,91.224.140.78,False
printing.uz,91.224.140.78,False
printing.uz,91.224.140.78,False
printing.uz,91.224.140.78,False
printing.uz,91.224.140.78,False
printing.uz,91.224.140.78,False
printing.uz,91.224.140.78,False
printing.uz,91.224.140.78,False
printing.uz,91.224.140.78,False
prices.uz,83.69.139.174,True
printing.uz,91.224.140.78,False
printing.uz,91.224.140.78,False
printing.uz,91.224.140.78,False
printing.uz,91.224.140.78,False
printing.uz,91.224.140.78,False
printing.uz,91.224.140.78,False
printer.uz,91.212.89.70,True
printer.uz,91.212.89.70,True
printer.uz,91.212.89.70,True
printer.uz,91.212.89.70,True
printer.uz,91.212.89.70,True
printer.uz,91.212.89.70,True
prices.uz,83.69.139.174,True
prices.uz,83.69.139.174,True
prices.uz,83.69.139.174,True
prices.uz,83.69.139.174,True
prima.uz,91.212.89.100,True
prime.uz,68.178.254.120,False
printer.uz,91.212.89.70,True
printing.uz,91.224.140.78,False
printing.uz,91.224.140.78,False
printing.uz,91.224.140.78,False
printer.uz,91.212.89.70,True
printing.uz,91.224.140.78,False
printing.uz,91.224.140.78,False
printing.uz,91.224.140.78,False
printing.uz,91.224.140.78,False
printing.uz,91.224.140.78,False
printer.uz,91.212.89.70,True
printer.uz,91.212.89.70,True
printing.uz,91.224.140.78,False
printing.uz,91.224.140.78,False
printing.uz,91.224.140.78,False
printer.uz,91.212.89.70,True
printing.uz,91.224.140.78,False
printing.uz,91.224.140.78,False
printing.uz,91.224.140.78,False
printmedia.uz,80.80.208.8,True
printer.uz,91.212.89.70,True
printer.uz,91.212.89.70,True
printer.uz,91.212.89.70,True
printing.uz,91.224.140.78,False
print.uz,91.212.89.70,True
printing.uz,91.224.140.78,False
priz.uz,91.219.194.2,False
profiles.uz,46.8.35.129,True
profiles.uz,46.8.35.129,True
profiles.uz,46.8.35.129,True
profiles.uz,46.8.35.129,True
profiles.uz,46.8.35.129,True
profiles.uz,46.8.35.129,True
profiles.uz,46.8.35.129,True
projects.uz,185.8.212.91,True
projects.uz,185.8.212.91,True
projects.uz,185.8.212.91,True
profiles.uz,46.8.35.129,True
prolog.uz,46.29.2.50,False
prolog.uz,46.29.2.50,False
prolog.uz,46.29.2.50,False
profiles.uz,46.8.35.129,True
profiles.uz,46.8.35.129,True
promoter.uz,91.212.89.100,True
promoter.uz,91.212.89.100,True
promoter.uz,91.212.89.100,True
promoter.uz,91.212.89.100,True
projects.uz,185.8.212.91,True
projects.uz,185.8.212.91,True
projects.uz,185.8.212.91,True
projects.uz,185.8.212.91,True
promoter.uz,91.212.89.100,True
promoter.uz,91.212.89.100,True
promoter.uz,91.212.89.100,True
projects.uz,185.8.212.91,True
promoter.uz,91.212.89.100,True
promoter.uz,91.212.89.100,True
promoter.uz,91.212.89.100,True
promoter.uz,91.212.89.100,True
promoter.uz,91.212.89.100,True
promoter.uz,91.212.89.100,True
profiles.uz,46.8.35.129,True
profiles.uz,46.8.35.129,True
projects.uz,185.8.212.91,True
profiles.uz,46.8.35.129,True
profiles.uz,46.8.35.129,True
projects.uz,185.8.212.91,True
projects.uz,185.8.212.91,True
prolog.uz,46.29.2.50,False
profiles.uz,46.8.35.129,True
projects.uz,185.8.212.91,True
promoter.uz,91.212.89.100,True
projects.uz,185.8.212.91,True
projects.uz,185.8.212.91,True
projects.uz,185.8.212.91,True
projects.uz,185.8.212.91,True
promoter.uz,91.212.89.100,True
provider.uz,91.212.89.70,True
provider.uz,91.212.89.70,True
provider.uz,91.212.89.70,True
provider.uz,91.212.89.70,True
provider.uz,91.212.89.70,True
provider.uz,91.212.89.70,True
provider.uz,91.212.89.70,True
provider.uz,91.212.89.70,True
provider.uz,91.212.89.70,True
provider.uz,91.212.89.70,True
provider.uz,91.212.89.70,True
provider.uz,91.212.89.70,True
profiles.uz,46.8.35.129,True
provider.uz,91.212.89.70,True
provider.uz,91.212.89.70,True
provider.uz,91.212.89.70,True
provider.uz,91.212.89.70,True
promoter.uz,91.212.89.100,True
proart.uz,46.8.35.129,True
processor.uz,46.8.35.129,True
prodam.uz,91.212.89.7,True
prodat.uz,91.212.89.7,True
product.uz,91.212.89.68,True
proekt.uz,80.80.217.46,True
profiles.uz,46.8.35.129,True
profiles.uz,46.8.35.129,True
profiles.uz,46.8.35.129,True
profiles.uz,46.8.35.129,True
profiles.uz,46.8.35.129,True
profiles.uz,46.8.35.129,True
profiles.uz,46.8.35.129,True
profiles.uz,46.8.35.129,True
professionals.uz,217.29.116.177,True
profiles.uz,46.8.35.129,True
profiles.uz,46.8.35.129,True
profiles.uz,46.8.35.129,True
profiles.uz,46.8.35.129,True
profiles.uz,46.8.35.129,True
profiles.uz,46.8.35.129,True
profiles.uz,46.8.35.129,True
profiles.uz,46.8.35.129,True
proform.uz,94.158.48.2,True
profoto.uz,54.208.248.199,False
prog.uz,83.69.139.168,True
programmer.uz,92.53.112.124,False
programm.uz,195.158.0.162,True
programmist.uz,71.18.60.178,False
projects.uz,185.8.212.91,True
projects.uz,185.8.212.91,True
projects.uz,185.8.212.91,True
projects.uz,185.8.212.91,True
projects.uz,185.8.212.91,True
projects.uz,185.8.212.91,True
projects.uz,185.8.212.91,True
projects.uz,185.8.212.91,True
projects.uz,185.8.212.91,True
projects.uz,185.8.212.91,True
projects.uz,185.8.212.91,True
projects.uz,185.8.212.91,True
projector.uz,91.212.89.68,True
projects.uz,185.8.212.91,True
projects.uz,185.8.212.91,True
projects.uz,185.8.212.91,True
projects.uz,185.8.212.91,True
prokuratura.uz,91.212.89.99,True
prolog.uz,46.29.2.50,False
prolog.uz,46.29.2.50,False
prolog.uz,46.29.2.50,False
prolog.uz,46.29.2.50,False
prolong.uz,62.209.133.18,True
promed.uz,62.209.128.113,True
promax.uz,46.8.35.129,True
promoter.uz,91.212.89.100,True
promedia.uz,46.8.35.129,True
promoter.uz,91.212.89.100,True
promoter.uz,91.212.89.100,True
promoter.uz,91.212.89.100,True
promoter.uz,91.212.89.100,True
promoter.uz,91.212.89.100,True
promoter.uz,91.212.89.100,True
promoter.uz,91.212.89.100,True
prominent.uz,62.112.131.163,False
promoter.uz,91.212.89.100,True
promo.uz,178.159.250.7,False
promos.uz,217.29.116.177,True
promoter.uz,91.212.89.100,True
promoter.uz,91.212.89.100,True
promoter.uz,91.212.89.100,True
promoter.uz,91.212.89.100,True
promoter.uz,91.212.89.100,True
promovie.uz,46.8.35.129,True
promoter.uz,91.212.89.100,True
promoter.uz,91.212.89.100,True
propack.uz,83.69.139.168,True
property.uz,91.212.89.68,True
prophoto.uz,69.73.145.194,False
prorab.uz,78.47.142.188,False
prospect.uz,216.246.124.171,False
prosport.uz,91.212.89.100,True
prostoy.uz,217.29.118.197,True
protei.uz,62.209.139.146,True
protein.uz,62.209.128.113,True
protravel.uz,46.8.35.129,True
provider.uz,91.212.89.70,True
provider.uz,91.212.89.70,True
provider.uz,91.212.89.70,True
provider.uz,91.212.89.70,True
provider.uz,91.212.89.70,True
provider.uz,91.212.89.70,True
provider.uz,91.212.89.70,True
provider.uz,91.212.89.70,True
provider.uz,91.212.89.70,True
provider.uz,91.212.89.70,True
provider.uz,91.212.89.70,True
provider.uz,91.212.89.70,True
provider.uz,91.212.89.70,True
provider.uz,91.212.89.70,True
provider.uz,91.212.89.70,True
provider.uz,91.212.89.70,True
provision.uz,69.195.124.143,False
pryanik.uz,31.220.16.165,False
psb.uz,62.209.128.102,True
psi.uz,81.177.141.229,False
psp.uz,91.219.194.31,False
psy.uz,178.33.88.224,False
psycholog.uz,69.73.181.191,False
psylab.uz,83.69.139.151,True
pts.uz,91.203.172.2,True
pt.uz,62.209.128.113,True
pta.uz,83.69.139.151,True
ptm.uz,94.158.48.2,True
pts.uz,91.203.172.2,True
pupa.uz,195.110.124.133,False
pupa.uz,195.110.124.133,False
publichealth.uz,195.158.27.26,True
publika.uz,66.147.244.102,False
pulsar.uz,62.209.128.102,True
pulver.uz,178.159.250.7,False
pupa.uz,195.110.124.133,False
pupa.uz,195.110.124.133,False
pupil.uz,50.87.100.245,False
purina.uz,164.109.19.178,False
pux.uz,192.64.147.181,False
pvb.uz,217.29.116.177,True
pvb.uz,217.29.116.177,True
pv.uz,195.158.0.162,True
pvc.uz,77.222.40.115,False
pvp.uz,46.8.35.129,True
pwc.uz,155.201.84.2,False
pw.uz,173.254.28.54,False
