jabber.uz,81.95.237.11,True
jabber.uz,81.95.237.11,True
jabber.uz,81.95.237.11,True
jabber.uz,81.95.237.11,True
jabber.uz,81.95.237.11,True
jabber.uz,81.95.237.11,True
jabber.uz,81.95.237.11,True
jabber.uz,81.95.237.11,True
jalil.uz,62.209.128.102,True
jam.uz,83.69.139.184,True
janus.uz,165.160.13.20,False
jasmin.uz,92.63.110.104,False
java.uz,188.120.233.89,False
jay.uz,46.8.35.129,True
jabber.uz,81.95.237.11,True
jabber.uz,81.95.237.11,True
jabber.uz,81.95.237.11,True
jabber.uz,81.95.237.11,True
jabber.uz,81.95.237.11,True
jabber.uz,81.95.237.11,True
jabber.uz,81.95.237.11,True
jabber.uz,81.95.237.11,True
jazz.uz,217.29.118.22,True
jay.uz,46.8.35.129,True
jcb.uz,217.19.248.132,False
jd.uz,80.80.208.8,True
jds.uz,217.12.82.36,True
javon.uz,195.158.0.162,True
jes.uz,104.28.19.69,False
jet.uz,80.80.208.36,True
jewelers.uz,62.209.128.113,True
jewelers.uz,62.209.128.113,True
jewelers.uz,62.209.128.113,True
jewelers.uz,62.209.128.113,True
jewelers.uz,62.209.128.113,True
jewelers.uz,62.209.128.113,True
jewelers.uz,62.209.128.113,True
jewelers.uz,62.209.128.113,True
jewelers.uz,62.209.128.113,True
jewelers.uz,62.209.128.113,True
jewelers.uz,62.209.128.113,True
jewelers.uz,62.209.128.113,True
jewelers.uz,62.209.128.113,True
jewelers.uz,62.209.128.113,True
jewelers.uz,62.209.128.113,True
jewelers.uz,62.209.128.113,True
jewelers.uz,62.209.128.113,True
jewelers.uz,62.209.128.113,True
jewelers.uz,62.209.128.113,True
jewelers.uz,62.209.128.113,True
jewelers.uz,62.209.128.113,True
jewelers.uz,62.209.128.113,True
jewelers.uz,62.209.128.113,True
jewelers.uz,62.209.128.113,True
jewelers.uz,62.209.128.113,True
jewelry.uz,91.212.89.68,True
jewelers.uz,62.209.128.113,True
jewelers.uz,62.209.128.113,True
jewelers.uz,62.209.128.113,True
jewelers.uz,62.209.128.113,True
jewelers.uz,62.209.128.113,True
jes.uz,104.28.19.69,False
jewelers.uz,62.209.128.113,True
jewelers.uz,62.209.128.113,True
jewelers.uz,62.209.128.113,True
jewelers.uz,62.209.128.113,True
jewelers.uz,62.209.128.113,True
jewelers.uz,62.209.128.113,True
jewelers.uz,62.209.128.113,True
jewelers.uz,62.209.128.113,True
jewelers.uz,62.209.128.113,True
jewelers.uz,62.209.128.113,True
jewelers.uz,62.209.128.113,True
jewelers.uz,62.209.128.113,True
jewelers.uz,62.209.128.113,True
jewelers.uz,62.209.128.113,True
jewelers.uz,62.209.128.113,True
jewelers.uz,62.209.128.113,True
jewelers.uz,62.209.128.113,True
jewelers.uz,62.209.128.113,True
jewelers.uz,62.209.128.113,True
jewelers.uz,62.209.128.113,True
jewelers.uz,62.209.128.113,True
jewelers.uz,62.209.128.113,True
jewelers.uz,62.209.128.113,True
jewelers.uz,62.209.128.113,True
ji.uz,193.161.86.14,False
jewelers.uz,62.209.128.113,True
jewelers.uz,62.209.128.113,True
jewelers.uz,62.209.128.113,True
jewelers.uz,62.209.128.113,True
jewelers.uz,62.209.128.113,True
jewelers.uz,62.209.128.113,True
jewelers.uz,62.209.128.113,True
jewelers.uz,62.209.128.113,True
jewelers.uz,62.209.128.113,True
jewelers.uz,62.209.128.113,True
jg.uz,217.195.193.2,False
jj.uz,31.170.167.245,False
jkh.uz,91.212.89.100,True
jll.uz,205.144.64.113,False
jmax.uz,91.212.180.198,True
jm.uz,188.165.25.42,False
jmi.uz,62.118.250.193,False
jo.uz,192.185.21.185,False
jobs.uz,217.29.116.177,True
job.uz,67.18.185.250,False
jobs.uz,217.29.116.177,True
joint.uz,83.69.129.17,True
join.uz,79.143.55.14,False
journalist.uz,195.158.1.19,True
jotun.uz,185.26.230.130,False
journal.uz,217.29.118.22,True
jobs.uz,217.29.116.177,True
jobs.uz,217.29.116.177,True
jp.uz,85.25.199.84,False
jr.uz,72.9.152.74,False
jsm.uz,83.69.129.17,True
jt.uz,62.209.128.112,True
judo.uz,69.73.145.194,False
juda.uz,46.8.35.129,True
judge.uz,91.212.89.7,True
jum.uz,94.250.248.155,False
junior.uz,91.212.89.7,True
jumo.uz,195.208.0.137,False
juniper.uz,89.175.252.66,False
jurist.uz,46.254.21.69,False
jurist.uz,46.254.21.69,False
justice.uz,91.212.89.99,True
jurist.uz,46.254.21.69,False
jurist.uz,46.254.21.69,False
jurist.uz,46.254.21.69,False
jurist.uz,46.254.21.69,False
just.uz,62.152.86.136,False
jurist.uz,46.254.21.69,False
jurist.uz,46.254.21.69,False
jurist.uz,46.254.21.69,False
jurist.uz,46.254.21.69,False
jurist.uz,46.254.21.69,False
jurist.uz,46.254.21.69,False
jurist.uz,46.254.21.69,False
jurist.uz,46.254.21.69,False
just.uz,62.152.86.136,False
jurist.uz,46.254.21.69,False
jurist.uz,46.254.21.69,False
jabber.uz,81.95.237.11,True
jabber.uz,81.95.237.11,True
jabber.uz,81.95.237.11,True
jabber.uz,81.95.237.11,True
jabber.uz,81.95.237.11,True
jz.uz,83.221.178.223,True
jabber.uz,81.95.237.11,True
jabber.uz,81.95.237.11,True
jabber.uz,81.95.237.11,True
jam.uz,83.69.139.184,True
jay.uz,46.8.35.129,True
jabber.uz,81.95.237.11,True
jabber.uz,81.95.237.11,True
jabber.uz,81.95.237.11,True
jabber.uz,81.95.237.11,True
jabber.uz,81.95.237.11,True
jabber.uz,81.95.237.11,True
jabber.uz,81.95.237.11,True
jabber.uz,81.95.237.11,True
jalil.uz,62.209.128.102,True
jam.uz,83.69.139.184,True
janus.uz,165.160.13.20,False
jasmin.uz,92.63.110.104,False
java.uz,188.120.233.89,False
jay.uz,46.8.35.129,True
jazz.uz,217.29.118.22,True
jd.uz,80.80.208.8,True
jewelers.uz,62.209.128.113,True
jewelers.uz,62.209.128.113,True
jewelers.uz,62.209.128.113,True
jewelers.uz,62.209.128.113,True
jewelers.uz,62.209.128.113,True
jewelers.uz,62.209.128.113,True
jewelers.uz,62.209.128.113,True
jewelers.uz,62.209.128.113,True
jewelers.uz,62.209.128.113,True
jewelers.uz,62.209.128.113,True
jewelers.uz,62.209.128.113,True
jewelers.uz,62.209.128.113,True
jewelers.uz,62.209.128.113,True
jewelers.uz,62.209.128.113,True
jewelers.uz,62.209.128.113,True
jewelers.uz,62.209.128.113,True
jewelers.uz,62.209.128.113,True
jewelers.uz,62.209.128.113,True
jewelers.uz,62.209.128.113,True
jewelers.uz,62.209.128.113,True
jewelers.uz,62.209.128.113,True
jewelers.uz,62.209.128.113,True
jewelers.uz,62.209.128.113,True
jewelers.uz,62.209.128.113,True
jewelers.uz,62.209.128.113,True
jewelers.uz,62.209.128.113,True
jewelers.uz,62.209.128.113,True
jewelers.uz,62.209.128.113,True
jewelers.uz,62.209.128.113,True
jewelers.uz,62.209.128.113,True
jewelers.uz,62.209.128.113,True
jewelers.uz,62.209.128.113,True
jes.uz,104.28.18.69,False
jewelers.uz,62.209.128.113,True
jewelers.uz,62.209.128.113,True
jewelers.uz,62.209.128.113,True
jewelers.uz,62.209.128.113,True
jewelers.uz,62.209.128.113,True
jewelers.uz,62.209.128.113,True
jewelers.uz,62.209.128.113,True
jewelers.uz,62.209.128.113,True
jewelers.uz,62.209.128.113,True
jewelers.uz,62.209.128.113,True
jewelers.uz,62.209.128.113,True
jewelers.uz,62.209.128.113,True
jewelers.uz,62.209.128.113,True
jewelers.uz,62.209.128.113,True
jewelers.uz,62.209.128.113,True
jewelers.uz,62.209.128.113,True
jewelers.uz,62.209.128.113,True
jewelers.uz,62.209.128.113,True
jewelers.uz,62.209.128.113,True
jewelers.uz,62.209.128.113,True
jewelers.uz,62.209.128.113,True
jewelers.uz,62.209.128.113,True
jewelers.uz,62.209.128.113,True
jewelers.uz,62.209.128.113,True
jewelry.uz,91.212.89.68,True
jez.uz,192.64.118.69,False
jg.uz,217.195.193.2,False
ji.uz,193.161.86.14,False
jewelers.uz,62.209.128.113,True
jet.uz,80.80.208.36,True
jewelers.uz,62.209.128.113,True
jewelers.uz,62.209.128.113,True
jewelers.uz,62.209.128.113,True
jewelers.uz,62.209.128.113,True
jewelers.uz,62.209.128.113,True
jewelers.uz,62.209.128.113,True
jewelers.uz,62.209.128.113,True
jj.uz,31.170.167.245,False
jnq.uz,62.209.128.113,True
jo.uz,192.185.21.185,False
jobs.uz,217.29.116.177,True
jm.uz,188.165.25.42,False
jobs.uz,217.29.116.177,True
job.uz,67.18.185.250,False
job.uz,67.18.185.250,False
jobs.uz,217.29.116.177,True
jobs.uz,217.29.116.177,True
join.uz,79.143.55.14,False
joint.uz,83.69.129.17,True
jony.uz,46.8.35.129,True
jotun.uz,185.26.230.130,False
journalist.uz,195.158.1.19,True
jt.uz,62.209.128.112,True
journal.uz,217.29.118.22,True
jp.uz,85.25.199.84,False
jr.uz,72.9.152.74,False
jum.uz,94.250.248.155,False
jurist.uz,46.254.21.69,False
jurist.uz,46.254.21.69,False
jurist.uz,46.254.21.69,False
jurist.uz,46.254.21.69,False
jurist.uz,46.254.21.69,False
jurist.uz,46.254.21.69,False
jurist.uz,46.254.21.69,False
jurist.uz,46.254.21.69,False
judge.uz,91.212.89.7,True
juda.uz,46.8.35.129,True
judo.uz,69.73.145.194,False
jum.uz,94.250.248.155,False
jumo.uz,195.208.0.137,False
jumanji.uz,94.250.248.155,False
junior.uz,91.212.89.7,True
juniper.uz,89.175.252.66,False
jurist.uz,46.254.21.69,False
jurist.uz,46.254.21.69,False
jurist.uz,46.254.21.69,False
jurist.uz,46.254.21.69,False
jurist.uz,46.254.21.69,False
just.uz,62.152.86.136,False
jurist.uz,46.254.21.69,False
jurist.uz,46.254.21.69,False
jurist.uz,46.254.21.69,False
justice.uz,91.212.89.99,True
jz.uz,83.221.178.223,True
jabber.uz,81.95.237.11,True
jabber.uz,81.95.237.11,True
jabber.uz,81.95.237.11,True
jabber.uz,81.95.237.11,True
jabber.uz,81.95.237.11,True
jabber.uz,81.95.237.11,True
jabber.uz,81.95.237.11,True
jabber.uz,81.95.237.11,True
jabber.uz,81.95.237.11,True
jabber.uz,81.95.237.11,True
jabber.uz,81.95.237.11,True
jabber.uz,81.95.237.11,True
jabber.uz,81.95.237.11,True
jabber.uz,81.95.237.11,True
jabber.uz,81.95.237.11,True
jabber.uz,81.95.237.11,True
jd.uz,80.80.208.8,True
jewelers.uz,62.209.128.113,True
jewelers.uz,62.209.128.113,True
jewelers.uz,62.209.128.113,True
jewelers.uz,62.209.128.113,True
jewelers.uz,62.209.128.113,True
jewelers.uz,62.209.128.113,True
jewelers.uz,62.209.128.113,True
jewelers.uz,62.209.128.113,True
jewelers.uz,62.209.128.113,True
jewelers.uz,62.209.128.113,True
jewelers.uz,62.209.128.113,True
jewelers.uz,62.209.128.113,True
jewelers.uz,62.209.128.113,True
jewelers.uz,62.209.128.113,True
jewelers.uz,62.209.128.113,True
jewelers.uz,62.209.128.113,True
jewelers.uz,62.209.128.113,True
jewelers.uz,62.209.128.113,True
jewelers.uz,62.209.128.113,True
jewelers.uz,62.209.128.113,True
jewelers.uz,62.209.128.113,True
jewelers.uz,62.209.128.113,True
jewelers.uz,62.209.128.113,True
jewelers.uz,62.209.128.113,True
jewelers.uz,62.209.128.113,True
jewelers.uz,62.209.128.113,True
jewelers.uz,62.209.128.113,True
jewelers.uz,62.209.128.113,True
jewelers.uz,62.209.128.113,True
jewelers.uz,62.209.128.113,True
jewelers.uz,62.209.128.113,True
jewelers.uz,62.209.128.113,True
jewelers.uz,62.209.128.113,True
jewelers.uz,62.209.128.113,True
jewelers.uz,62.209.128.113,True
jewelers.uz,62.209.128.113,True
jewelers.uz,62.209.128.113,True
jewelers.uz,62.209.128.113,True
jewelers.uz,62.209.128.113,True
jewelers.uz,62.209.128.113,True
jewelers.uz,62.209.128.113,True
jewelers.uz,62.209.128.113,True
jewelers.uz,62.209.128.113,True
jewelers.uz,62.209.128.113,True
jewelers.uz,62.209.128.113,True
jewelers.uz,62.209.128.113,True
jewelers.uz,62.209.128.113,True
jewelers.uz,62.209.128.113,True
jewelers.uz,62.209.128.113,True
jewelers.uz,62.209.128.113,True
jewelers.uz,62.209.128.113,True
jewelers.uz,62.209.128.113,True
jewelers.uz,62.209.128.113,True
jewelers.uz,62.209.128.113,True
jewelers.uz,62.209.128.113,True
ji.uz,193.161.86.14,False
jewelers.uz,62.209.128.113,True
jewelers.uz,62.209.128.113,True
jewelers.uz,62.209.128.113,True
jewelers.uz,62.209.128.113,True
jewelers.uz,62.209.128.113,True
jewelers.uz,62.209.128.113,True
jewelers.uz,62.209.128.113,True
jg.uz,217.195.193.2,False
jewelers.uz,62.209.128.113,True
jewelers.uz,62.209.128.113,True
jj.uz,31.170.167.245,False
jo.uz,192.185.21.185,False
jobs.uz,217.29.116.177,True
jobs.uz,217.29.116.177,True
jm.uz,188.165.25.42,False
jobs.uz,217.29.116.177,True
jobs.uz,217.29.116.177,True
jp.uz,85.25.199.84,False
jr.uz,72.9.152.74,False
jt.uz,62.209.128.112,True
junior.uz,91.212.89.7,True
jurist.uz,46.254.21.69,False
jurist.uz,46.254.21.69,False
jurist.uz,46.254.21.69,False
jurist.uz,46.254.21.69,False
jurist.uz,46.254.21.69,False
jurist.uz,46.254.21.69,False
jurist.uz,46.254.21.69,False
jurist.uz,46.254.21.69,False
jurist.uz,46.254.21.69,False
jurist.uz,46.254.21.69,False
jurist.uz,46.254.21.69,False
jurist.uz,46.254.21.69,False
jurist.uz,46.254.21.69,False
jurist.uz,46.254.21.69,False
jurist.uz,46.254.21.69,False
jz.uz,83.221.178.223,True
jurist.uz,46.254.21.69,False
jabber.uz,81.95.237.11,True
jabber.uz,81.95.237.11,True
jabber.uz,81.95.237.11,True
jabber.uz,81.95.237.11,True
jabber.uz,81.95.237.11,True
jabber.uz,81.95.237.11,True
jabber.uz,81.95.237.11,True
jabber.uz,81.95.237.11,True
jam.uz,83.69.139.184,True
jabber.uz,81.95.237.11,True
jabber.uz,81.95.237.11,True
jabber.uz,81.95.237.11,True
jabber.uz,81.95.237.11,True
jabber.uz,81.95.237.11,True
jabber.uz,81.95.237.11,True
jabber.uz,81.95.237.11,True
jabber.uz,81.95.237.11,True
jabra.uz,81.27.219.199,False
jadid.uz,66.147.244.193,False
jafi.uz,84.54.70.250,True
jahongir.uz,173.254.30.202,False
jalil.uz,62.209.128.102,True
jaluzi.uz,91.212.89.7,True
jam.uz,83.69.139.184,True
jannat.uz,178.63.4.166,False
janus.uz,165.160.13.20,False
jasmin.uz,92.63.110.104,False
java.uz,188.120.233.89,False
javier.ji.uz,94.242.255.75,False
javlon.uz,195.158.12.104,True
javon.uz,195.158.0.162,True
jay.uz,46.8.35.129,True
jazz.uz,217.29.118.22,True
jcb.uz,217.19.248.132,False
jd.uz,80.80.208.8,True
jds.uz,217.12.82.36,True
jewelers.uz,62.209.128.113,True
jewelers.uz,62.209.128.113,True
jewelers.uz,62.209.128.113,True
jewelers.uz,62.209.128.113,True
jewelers.uz,62.209.128.113,True
jewelers.uz,62.209.128.113,True
jewelers.uz,62.209.128.113,True
jewelers.uz,62.209.128.113,True
jewelers.uz,62.209.128.113,True
jewelers.uz,62.209.128.113,True
jewelers.uz,62.209.128.113,True
jewelers.uz,62.209.128.113,True
jewelers.uz,62.209.128.113,True
jewelers.uz,62.209.128.113,True
jewelers.uz,62.209.128.113,True
jewelers.uz,62.209.128.113,True
jewelers.uz,62.209.128.113,True
jewelers.uz,62.209.128.113,True
jewelers.uz,62.209.128.113,True
jewelers.uz,62.209.128.113,True
jewelers.uz,62.209.128.113,True
jewelers.uz,62.209.128.113,True
jewelers.uz,62.209.128.113,True
jewelers.uz,62.209.128.113,True
jewelers.uz,62.209.128.113,True
jewelers.uz,62.209.128.113,True
jewelers.uz,62.209.128.113,True
jewelers.uz,62.209.128.113,True
jewelers.uz,62.209.128.113,True
jewelers.uz,62.209.128.113,True
jewelers.uz,62.209.128.113,True
jewelers.uz,62.209.128.113,True
jes.uz,104.28.19.69,False
jet.uz,80.80.208.36,True
jewelers.uz,62.209.128.113,True
jewelers.uz,62.209.128.113,True
jewelers.uz,62.209.128.113,True
jewelers.uz,62.209.128.113,True
jewelers.uz,62.209.128.113,True
jewelers.uz,62.209.128.113,True
jewelers.uz,62.209.128.113,True
jewelers.uz,62.209.128.113,True
jewelers.uz,62.209.128.113,True
jewelers.uz,62.209.128.113,True
jewelers.uz,62.209.128.113,True
jewelers.uz,62.209.128.113,True
jewelers.uz,62.209.128.113,True
jewelers.uz,62.209.128.113,True
jewelers.uz,62.209.128.113,True
jewelers.uz,62.209.128.113,True
jewelers.uz,62.209.128.113,True
jewelers.uz,62.209.128.113,True
jewelers.uz,62.209.128.113,True
jewelers.uz,62.209.128.113,True
jewelers.uz,62.209.128.113,True
jewelers.uz,62.209.128.113,True
jewelers.uz,62.209.128.113,True
jewelers.uz,62.209.128.113,True
jewelers.uz,62.209.128.113,True
jewelers.uz,62.209.128.113,True
jewelers.uz,62.209.128.113,True
jewelers.uz,62.209.128.113,True
jewelers.uz,62.209.128.113,True
jewelers.uz,62.209.128.113,True
jewelers.uz,62.209.128.113,True
jewelers.uz,62.209.128.113,True
jewelry.uz,91.212.89.68,True
jez.uz,192.64.118.69,False
jg.uz,217.195.193.2,False
ji.uz,193.161.86.14,False
jj.uz,31.170.167.245,False
jkh.uz,91.212.89.100,True
jkm.uz,91.212.89.7,True
jll.uz,205.144.64.113,False
jm.uz,188.165.25.42,False
jmax.uz,91.212.180.198,True
jmi.uz,62.118.250.193,False
jnq.uz,62.209.128.113,True
jo.uz,192.185.21.185,False
jobs.uz,217.29.116.177,True
jobs.uz,217.29.116.177,True
jobs.uz,217.29.116.177,True
job.uz,67.18.185.250,False
jobs.uz,217.29.116.177,True
johndeere.uz,192.43.65.111,False
joint.uz,83.69.129.17,True
join.uz,79.143.55.14,False
jony.uz,46.8.35.129,True
joomla.uz,91.212.89.100,True
josephsmith.uz,185.26.230.129,False
jotun.uz,185.26.230.130,False
journal.uz,217.29.118.22,True
journalist.uz,195.158.1.19,True
joyou.uz,80.86.181.135,False
jp.uz,85.25.199.84,False
jr.uz,72.9.152.74,False
jspi.uz,195.158.0.162,True
jsm.uz,83.69.129.17,True
jt.uz,62.209.128.112,True
jurist.uz,46.254.21.69,False
jurist.uz,46.254.21.69,False
jurist.uz,46.254.21.69,False
jurist.uz,46.254.21.69,False
jurist.uz,46.254.21.69,False
jurist.uz,46.254.21.69,False
jurist.uz,46.254.21.69,False
jurist.uz,46.254.21.69,False
juda.uz,46.8.35.129,True
judge.uz,91.212.89.7,True
judo.uz,69.73.145.194,False
jum.uz,94.250.248.155,False
jumanji.uz,94.250.248.155,False
jumo.uz,195.208.0.137,False
junior.uz,91.212.89.7,True
juniper.uz,89.175.252.66,False
jurist.uz,46.254.21.69,False
jurist.uz,46.254.21.69,False
jurist.uz,46.254.21.69,False
jurist.uz,46.254.21.69,False
jurat.uz,185.28.20.79,False
jurist.uz,46.254.21.69,False
jurist.uz,46.254.21.69,False
jurist.uz,46.254.21.69,False
jurist.uz,46.254.21.69,False
jusi.uz,62.209.128.37,True
just.uz,62.152.86.136,False
justice.uz,91.212.89.99,True
jwt.uz,94.158.48.2,True
jz.uz,83.221.178.223,True
